filename,cluster_label
106247newsML.txt,4
120600newsML.txt,4
120683newsML.txt,4
136958newsML.txt,38
137498newsML.txt,38
14014newsML.txt,4
156814newsML.txt,4
182596newsML.txt,4
186392newsML.txt,4
193495newsML.txt,17
196805newsML.txt,30
197734newsML.txt,17
206838newsML.txt,4
231479newsML.txt,30
233150newsML.txt,4
237175newsML.txt,30
249407newsML.txt,30
2537newsML.txt,4
266038newsML.txt,29
269995newsML.txt,29
269999newsML.txt,4
270046newsML.txt,38
270084newsML.txt,38
270134newsML.txt,29
270346newsML.txt,29
275174newsML.txt,15
277117newsML.txt,15
277513newsML.txt,30
290125newsML.txt,30
299375newsML.txt,30
312178newsML.txt,4
324896newsML.txt,15
325347newsML.txt,15
330967newsML.txt,30
331411newsML.txt,30
347226newsML.txt,30
354135newsML.txt,30
354285newsML.txt,30
357147newsML.txt,38
366020newsML.txt,30
369570newsML.txt,20
371380newsML.txt,30
372744newsML.txt,30
372989newsML.txt,30
372995newsML.txt,30
378457newsML.txt,20
394237newsML.txt,29
398094newsML.txt,29
401260newsML.txt,4
407599newsML.txt,30
101797newsML.txt,26
10306newsML.txt,37
104277newsML.txt,26
104278newsML.txt,26
10650newsML.txt,37
109906newsML.txt,4
110434newsML.txt,37
113639newsML.txt,26
116293newsML.txt,26
119516newsML.txt,26
122806newsML.txt,26
122816newsML.txt,26
123025newsML.txt,26
125627newsML.txt,26
126217newsML.txt,26
128393newsML.txt,26
128405newsML.txt,26
128844newsML.txt,26
133183newsML.txt,7
134960newsML.txt,7
135777newsML.txt,6
136471newsML.txt,6
139110newsML.txt,6
140051newsML.txt,6
142624newsML.txt,16
143222newsML.txt,16
156046newsML.txt,6
156330newsML.txt,6
185955newsML.txt,7
188747newsML.txt,16
194349newsML.txt,4
194437newsML.txt,4
194611newsML.txt,3
194667newsML.txt,3
196144newsML.txt,3
199535newsML.txt,16
205959newsML.txt,3
206307newsML.txt,3
20910newsML.txt,26
212203newsML.txt,3
212274newsML.txt,3
212834newsML.txt,3
21296newsML.txt,7
213609newsML.txt,3
213833newsML.txt,3
213896newsML.txt,3
216602newsML.txt,6
217025newsML.txt,6
224640newsML.txt,37
225900newsML.txt,37
107525newsML.txt,4
109096newsML.txt,4
110282newsML.txt,10
134290newsML.txt,1
134584newsML.txt,1
134595newsML.txt,1
134983newsML.txt,1
135627newsML.txt,1
141391newsML.txt,23
141943newsML.txt,23
144367newsML.txt,24
16167newsML.txt,27
162656newsML.txt,1
162657newsML.txt,1
164269newsML.txt,1
164287newsML.txt,1
164558newsML.txt,47
165875newsML.txt,4
172146newsML.txt,4
179671newsML.txt,4
18111newsML.txt,27
18227newsML.txt,27
184789newsML.txt,27
185613newsML.txt,27
188417newsML.txt,4
21127newsML.txt,10
219512newsML.txt,27
219521newsML.txt,27
220666newsML.txt,27
223283newsML.txt,27
223300newsML.txt,27
223793newsML.txt,47
224655newsML.txt,28
225590newsML.txt,4
236412newsML.txt,4
237953newsML.txt,27
238090newsML.txt,47
23876newsML.txt,10
239202newsML.txt,47
240608newsML.txt,4
251540newsML.txt,43
268005newsML.txt,21
272743newsML.txt,36
274612newsML.txt,36
289578newsML.txt,4
29098newsML.txt,4
300452newsML.txt,4
302382newsML.txt,43
304231newsML.txt,4
307212newsML.txt,4
102444newsML.txt,39
106762newsML.txt,39
110733newsML.txt,9
112125newsML.txt,33
114204newsML.txt,9
115482newsML.txt,9
118614newsML.txt,9
118687newsML.txt,4
12228newsML.txt,39
129162newsML.txt,33
133520newsML.txt,33
135232newsML.txt,39
14439newsML.txt,39
145148newsML.txt,39
145736newsML.txt,9
146225newsML.txt,4
150365newsML.txt,4
151860newsML.txt,9
155059newsML.txt,9
155439newsML.txt,9
15741newsML.txt,39
166435newsML.txt,9
174581newsML.txt,9
177874newsML.txt,4
178518newsML.txt,4
182490newsML.txt,9
18363newsML.txt,39
186173newsML.txt,6
186199newsML.txt,5
187423newsML.txt,6
188955newsML.txt,4
188988newsML.txt,5
189031newsML.txt,9
190439newsML.txt,4
192394newsML.txt,9
195350newsML.txt,39
198232newsML.txt,5
201374newsML.txt,39
204845newsML.txt,4
211064newsML.txt,4
214183newsML.txt,4
21575newsML.txt,39
221670newsML.txt,5
222816newsML.txt,39
231106newsML.txt,4
232863newsML.txt,9
235646newsML.txt,4
241295newsML.txt,4
241719newsML.txt,9
24300newsML.txt,39
103816newsML.txt,24
110697newsML.txt,34
111971newsML.txt,34
111981newsML.txt,34
117740newsML.txt,34
118434newsML.txt,34
118448newsML.txt,34
118470newsML.txt,34
118472newsML.txt,34
118901newsML.txt,34
148778newsML.txt,24
148786newsML.txt,4
151764newsML.txt,4
154997newsML.txt,4
155005newsML.txt,4
164986newsML.txt,44
165020newsML.txt,4
165334newsML.txt,44
174426newsML.txt,4
176080newsML.txt,4
181034newsML.txt,24
18328newsML.txt,4
184099newsML.txt,24
184111newsML.txt,24
198061newsML.txt,18
201116newsML.txt,4
218591newsML.txt,24
223842newsML.txt,24
223856newsML.txt,24
223857newsML.txt,24
242252newsML.txt,24
250680newsML.txt,24
25315newsML.txt,4
25320newsML.txt,4
25344newsML.txt,4
294933newsML.txt,4
294952newsML.txt,4
30677newsML.txt,4
31892newsML.txt,4
322990newsML.txt,4
322996newsML.txt,4
323527newsML.txt,4
33299newsML.txt,4
33301newsML.txt,4
33315newsML.txt,4
354020newsML.txt,34
355589newsML.txt,34
361792newsML.txt,34
361793newsML.txt,34
361820newsML.txt,34
102760newsML.txt,29
117102newsML.txt,32
142661newsML.txt,4
144035newsML.txt,4
146644newsML.txt,4
146870newsML.txt,4
156808newsML.txt,38
15944newsML.txt,4
160089newsML.txt,4
16033newsML.txt,4
179121newsML.txt,4
196808newsML.txt,26
199931newsML.txt,35
200749newsML.txt,26
206764newsML.txt,17
206841newsML.txt,4
209880newsML.txt,24
225133newsML.txt,35
226801newsML.txt,35
231427newsML.txt,35
231868newsML.txt,35
234712newsML.txt,4
240124newsML.txt,24
240151newsML.txt,24
24388newsML.txt,24
255717newsML.txt,32
272513newsML.txt,4
273212newsML.txt,4
274879newsML.txt,35
276360newsML.txt,35
28462newsML.txt,4
285403newsML.txt,4
28928newsML.txt,4
291066newsML.txt,45
291619newsML.txt,45
293661newsML.txt,45
296368newsML.txt,35
309066newsML.txt,32
314102newsML.txt,4
321585newsML.txt,32
321667newsML.txt,32
321736newsML.txt,32
32215newsML.txt,17
331819newsML.txt,35
33758newsML.txt,4
340946newsML.txt,4
343945newsML.txt,4
344162newsML.txt,4
344834newsML.txt,4
346831newsML.txt,4
104405newsML.txt,24
10663newsML.txt,24
111941newsML.txt,24
12897newsML.txt,24
128985newsML.txt,4
129448newsML.txt,4
130075newsML.txt,4
139755newsML.txt,4
143081newsML.txt,4
144044newsML.txt,4
144056newsML.txt,4
144792newsML.txt,4
156181newsML.txt,37
159399newsML.txt,4
159589newsML.txt,37
159595newsML.txt,4
161718newsML.txt,10
162018newsML.txt,10
168489newsML.txt,37
172235newsML.txt,10
174369newsML.txt,37
175068newsML.txt,10
181864newsML.txt,24
202141newsML.txt,20
205458newsML.txt,20
208913newsML.txt,4
213544newsML.txt,4
213721newsML.txt,24
216814newsML.txt,24
219645newsML.txt,24
222130newsML.txt,24
224985newsML.txt,24
233587newsML.txt,24
234713newsML.txt,24
236266newsML.txt,4
236470newsML.txt,24
237697newsML.txt,24
245782newsML.txt,4
245783newsML.txt,24
248687newsML.txt,4
290521newsML.txt,4
294932newsML.txt,4
34117newsML.txt,24
348501newsML.txt,10
358675newsML.txt,10
364638newsML.txt,4
364643newsML.txt,4
377885newsML.txt,29
377897newsML.txt,29
383585newsML.txt,4
102529newsML.txt,45
105327newsML.txt,14
105756newsML.txt,14
105834newsML.txt,45
108359newsML.txt,45
110108newsML.txt,14
110883newsML.txt,45
113212newsML.txt,14
113338newsML.txt,14
114353newsML.txt,45
117148newsML.txt,45
126028newsML.txt,4
126792newsML.txt,45
127143newsML.txt,4
13547newsML.txt,14
136026newsML.txt,14
140545newsML.txt,18
142715newsML.txt,14
144031newsML.txt,14
144314newsML.txt,18
145801newsML.txt,14
146321newsML.txt,14
146470newsML.txt,14
148055newsML.txt,14
148087newsML.txt,14
148215newsML.txt,14
148624newsML.txt,14
150717newsML.txt,14
153794newsML.txt,14
154150newsML.txt,14
154151newsML.txt,14
15588newsML.txt,14
156769newsML.txt,14
156823newsML.txt,14
157447newsML.txt,14
157860newsML.txt,14
159135newsML.txt,14
160026newsML.txt,14
160411newsML.txt,14
160765newsML.txt,14
161720newsML.txt,14
161907newsML.txt,14
161920newsML.txt,14
162027newsML.txt,14
162152newsML.txt,14
162531newsML.txt,14
163873newsML.txt,14
164658newsML.txt,14
170305newsML.txt,14
173935newsML.txt,14
10193newsML.txt,21
10264newsML.txt,21
116448newsML.txt,4
117960newsML.txt,45
119734newsML.txt,27
121318newsML.txt,27
121324newsML.txt,47
122988newsML.txt,20
126166newsML.txt,4
126175newsML.txt,4
126181newsML.txt,4
127410newsML.txt,27
134642newsML.txt,27
134683newsML.txt,4
138342newsML.txt,4
141414newsML.txt,4
15633newsML.txt,21
15644newsML.txt,21
17343newsML.txt,21
17663newsML.txt,21
178869newsML.txt,21
179688newsML.txt,21
18224newsML.txt,21
183674newsML.txt,21
183684newsML.txt,21
191766newsML.txt,4
191925newsML.txt,4
195876newsML.txt,27
199220newsML.txt,43
199226newsML.txt,43
202011newsML.txt,4
202020newsML.txt,43
203933newsML.txt,43
206049newsML.txt,27
207536newsML.txt,4
214915newsML.txt,27
214995newsML.txt,4
216658newsML.txt,43
219541newsML.txt,27
220686newsML.txt,27
222272newsML.txt,27
223143newsML.txt,27
223214newsML.txt,43
223786newsML.txt,47
225499newsML.txt,43
225507newsML.txt,43
225609newsML.txt,4
225917newsML.txt,43
230515newsML.txt,27
230517newsML.txt,27
100385newsML.txt,38
101678newsML.txt,35
111437newsML.txt,32
115060newsML.txt,4
116212newsML.txt,32
117213newsML.txt,32
119233newsML.txt,32
120484newsML.txt,32
121521newsML.txt,32
12877newsML.txt,38
13068newsML.txt,38
13069newsML.txt,38
133874newsML.txt,32
13415newsML.txt,2
13583newsML.txt,2
139624newsML.txt,2
14573newsML.txt,2
147596newsML.txt,32
149671newsML.txt,17
151452newsML.txt,38
152722newsML.txt,4
157435newsML.txt,38
157855newsML.txt,4
162159newsML.txt,2
172851newsML.txt,4
175415newsML.txt,4
18223newsML.txt,17
183344newsML.txt,4
183534newsML.txt,4
183828newsML.txt,38
186282newsML.txt,4
18802newsML.txt,17
191274newsML.txt,4
203838newsML.txt,4
205742newsML.txt,17
209979newsML.txt,4
210069newsML.txt,32
210631newsML.txt,17
216338newsML.txt,4
217358newsML.txt,4
227670newsML.txt,4
230274newsML.txt,17
231241newsML.txt,17
233319newsML.txt,4
260570newsML.txt,32
261502newsML.txt,32
263257newsML.txt,32
264271newsML.txt,32
288069newsML.txt,19
292697newsML.txt,32
10028newsML.txt,29
103993newsML.txt,29
114292newsML.txt,29
123528newsML.txt,20
126656newsML.txt,29
132085newsML.txt,20
133528newsML.txt,42
134268newsML.txt,42
13494newsML.txt,20
140372newsML.txt,20
142116newsML.txt,42
142460newsML.txt,20
155075newsML.txt,29
162426newsML.txt,29
167727newsML.txt,29
167905newsML.txt,29
168224newsML.txt,29
168234newsML.txt,29
178863newsML.txt,20
184337newsML.txt,20
189025newsML.txt,20
192472newsML.txt,20
208614newsML.txt,20
209817newsML.txt,29
214194newsML.txt,29
215310newsML.txt,29
221583newsML.txt,20
232740newsML.txt,29
23340newsML.txt,20
247828newsML.txt,4
25542newsML.txt,29
257487newsML.txt,20
257754newsML.txt,20
257776newsML.txt,20
265694newsML.txt,20
271169newsML.txt,29
28301newsML.txt,16
313599newsML.txt,29
320052newsML.txt,29
326601newsML.txt,29
330736newsML.txt,20
34837newsML.txt,20
348688newsML.txt,20
348849newsML.txt,20
357074newsML.txt,29
358900newsML.txt,29
383379newsML.txt,29
392201newsML.txt,20
395779newsML.txt,29
402531newsML.txt,4
103906newsML.txt,16
113070newsML.txt,16
113102newsML.txt,16
114251newsML.txt,16
128171newsML.txt,4
134309newsML.txt,16
13495newsML.txt,4
152163newsML.txt,38
167951newsML.txt,4
169618newsML.txt,4
172788newsML.txt,16
181135newsML.txt,16
187405newsML.txt,39
190410newsML.txt,16
198148newsML.txt,29
201228newsML.txt,16
204791newsML.txt,16
205033newsML.txt,24
217296newsML.txt,16
220126newsML.txt,24
226150newsML.txt,16
229903newsML.txt,16
231076newsML.txt,29
231139newsML.txt,16
232537newsML.txt,29
232804newsML.txt,16
232939newsML.txt,4
238773newsML.txt,24
241254newsML.txt,16
244929newsML.txt,16
247765newsML.txt,16
247793newsML.txt,24
249198newsML.txt,16
250860newsML.txt,13
252118newsML.txt,16
252156newsML.txt,24
254834newsML.txt,16
258604newsML.txt,16
262722newsML.txt,16
262829newsML.txt,16
265664newsML.txt,16
267059newsML.txt,16
270340newsML.txt,16
271134newsML.txt,16
271168newsML.txt,16
273087newsML.txt,16
274219newsML.txt,16
275716newsML.txt,4
277010newsML.txt,39
280504newsML.txt,29
101997newsML.txt,4
104778newsML.txt,4
110341newsML.txt,32
119818newsML.txt,4
125085newsML.txt,4
129447newsML.txt,32
133016newsML.txt,37
133017newsML.txt,37
147086newsML.txt,8
152972newsML.txt,8
15895newsML.txt,4
163214newsML.txt,8
165906newsML.txt,4
168501newsML.txt,4
175078newsML.txt,4
175721newsML.txt,4
184769newsML.txt,8
187990newsML.txt,8
191069newsML.txt,8
195125newsML.txt,8
204659newsML.txt,4
21156newsML.txt,4
216816newsML.txt,8
217889newsML.txt,8
219197newsML.txt,4
219630newsML.txt,8
222129newsML.txt,8
224980newsML.txt,4
227481newsML.txt,4
230639newsML.txt,8
231856newsML.txt,8
233579newsML.txt,8
233588newsML.txt,8
238607newsML.txt,8
243004newsML.txt,8
248680newsML.txt,8
248690newsML.txt,8
250167newsML.txt,8
251147newsML.txt,8
251643newsML.txt,8
252855newsML.txt,8
258231newsML.txt,8
260834newsML.txt,4
263612newsML.txt,4
266002newsML.txt,4
266003newsML.txt,4
2751newsML.txt,4
295589newsML.txt,37
298748newsML.txt,37
301524newsML.txt,37
101337newsML.txt,5
102414newsML.txt,9
104067newsML.txt,5
105207newsML.txt,9
105215newsML.txt,5
106671newsML.txt,9
106841newsML.txt,4
108069newsML.txt,9
108114newsML.txt,4
109736newsML.txt,5
112616newsML.txt,33
112619newsML.txt,9
113072newsML.txt,33
113073newsML.txt,9
115502newsML.txt,4
121957newsML.txt,39
125313newsML.txt,39
127969newsML.txt,49
150364newsML.txt,9
153470newsML.txt,9
156668newsML.txt,4
158581newsML.txt,9
162404newsML.txt,4
165077newsML.txt,4
242319newsML.txt,39
242519newsML.txt,39
244948newsML.txt,39
246277newsML.txt,39
247009newsML.txt,39
249226newsML.txt,39
253835newsML.txt,39
264064newsML.txt,13
269865newsML.txt,5
272173newsML.txt,16
275597newsML.txt,39
276094newsML.txt,4
277885newsML.txt,5
279102newsML.txt,4
279442newsML.txt,5
279474newsML.txt,5
279477newsML.txt,39
280467newsML.txt,5
280485newsML.txt,4
281200newsML.txt,5
281220newsML.txt,5
284741newsML.txt,33
296010newsML.txt,13
297895newsML.txt,24
301144newsML.txt,39
301175newsML.txt,4
101886newsML.txt,6
102211newsML.txt,6
10224newsML.txt,6
104879newsML.txt,26
10626newsML.txt,6
123170newsML.txt,7
126345newsML.txt,3
156044newsML.txt,7
15669newsML.txt,6
159487newsML.txt,6
159744newsML.txt,6
163094newsML.txt,6
163409newsML.txt,6
169004newsML.txt,3
172514newsML.txt,3
175835newsML.txt,7
175940newsML.txt,22
177552newsML.txt,7
182102newsML.txt,3
182167newsML.txt,3
185855newsML.txt,3
185875newsML.txt,7
192053newsML.txt,3
192103newsML.txt,6
194352newsML.txt,6
194663newsML.txt,3
194664newsML.txt,3
196127newsML.txt,3
202372newsML.txt,7
220837newsML.txt,7
222246newsML.txt,4
222478newsML.txt,4
224921newsML.txt,13
226489newsML.txt,13
228103newsML.txt,4
228154newsML.txt,3
230755newsML.txt,22
254538newsML.txt,26
260914newsML.txt,26
260918newsML.txt,26
263451newsML.txt,3
263741newsML.txt,3
26976newsML.txt,26
27569newsML.txt,26
288397newsML.txt,3
290685newsML.txt,6
293006newsML.txt,7
293018newsML.txt,4
293216newsML.txt,7
295717newsML.txt,26
103904newsML.txt,31
105222newsML.txt,31
108091newsML.txt,31
110715newsML.txt,31
110767newsML.txt,31
11269newsML.txt,31
11270newsML.txt,31
114262newsML.txt,31
117000newsML.txt,31
120242newsML.txt,31
120244newsML.txt,31
121948newsML.txt,31
123461newsML.txt,31
123517newsML.txt,31
123524newsML.txt,31
126597newsML.txt,31
126622newsML.txt,31
130525newsML.txt,31
130529newsML.txt,31
130535newsML.txt,31
130537newsML.txt,31
133484newsML.txt,31
133504newsML.txt,31
138486newsML.txt,31
138497newsML.txt,31
140355newsML.txt,31
143463newsML.txt,31
147518newsML.txt,31
147521newsML.txt,31
147528newsML.txt,4
147557newsML.txt,31
148847newsML.txt,31
156681newsML.txt,31
156695newsML.txt,31
159926newsML.txt,31
166432newsML.txt,31
166456newsML.txt,31
171185newsML.txt,31
172811newsML.txt,31
176224newsML.txt,31
180176newsML.txt,4
182456newsML.txt,31
186188newsML.txt,31
186190newsML.txt,31
19345newsML.txt,31
196712newsML.txt,31
196713newsML.txt,31
206557newsML.txt,31
206567newsML.txt,31
21567newsML.txt,31
100554newsML.txt,43
100593newsML.txt,43
100618newsML.txt,43
130040newsML.txt,27
137871newsML.txt,4
148240newsML.txt,24
160682newsML.txt,47
167342newsML.txt,27
167802newsML.txt,47
172150newsML.txt,4
180577newsML.txt,43
185661newsML.txt,4
186895newsML.txt,27
189829newsML.txt,4
197549newsML.txt,28
202086newsML.txt,24
207570newsML.txt,27
210554newsML.txt,24
216670newsML.txt,47
222292newsML.txt,23
223148newsML.txt,24
223783newsML.txt,24
232082newsML.txt,27
242939newsML.txt,4
245686newsML.txt,24
247024newsML.txt,24
263500newsML.txt,23
263503newsML.txt,23
289108newsML.txt,23
290471newsML.txt,4
29051newsML.txt,10
294330newsML.txt,10
294823newsML.txt,10
297151newsML.txt,24
299862newsML.txt,23
299957newsML.txt,23
300358newsML.txt,23
300369newsML.txt,23
309597newsML.txt,4
320925newsML.txt,10
324101newsML.txt,43
34037newsML.txt,4
341761newsML.txt,23
342301newsML.txt,23
343271newsML.txt,4
343304newsML.txt,28
344889newsML.txt,4
344993newsML.txt,4
364126newsML.txt,47
364594newsML.txt,24
105045newsML.txt,6
123158newsML.txt,26
133171newsML.txt,26
13806newsML.txt,6
153158newsML.txt,7
156033newsML.txt,9
156054newsML.txt,26
156301newsML.txt,9
159754newsML.txt,6
161715newsML.txt,26
177540newsML.txt,6
179858newsML.txt,3
18297newsML.txt,6
18320newsML.txt,7
18519newsML.txt,7
18529newsML.txt,6
192052newsML.txt,26
192116newsML.txt,7
194494newsML.txt,26
194608newsML.txt,3
195069newsML.txt,3
195181newsML.txt,3
195805newsML.txt,3
202307newsML.txt,4
205953newsML.txt,3
207961newsML.txt,3
212289newsML.txt,3
21246newsML.txt,6
212832newsML.txt,3
216927newsML.txt,3
22903newsML.txt,6
230504newsML.txt,3
236594newsML.txt,26
239149newsML.txt,26
242192newsML.txt,3
242893newsML.txt,7
258334newsML.txt,26
258383newsML.txt,26
260915newsML.txt,3
260917newsML.txt,3
26311newsML.txt,26
263486newsML.txt,3
263693newsML.txt,3
266394newsML.txt,6
266601newsML.txt,3
266669newsML.txt,6
269377newsML.txt,26
27007newsML.txt,48
272887newsML.txt,3
281893newsML.txt,4
100677newsML.txt,4
106076newsML.txt,35
107612newsML.txt,4
116412newsML.txt,4
116415newsML.txt,4
123004newsML.txt,4
124585newsML.txt,4
134647newsML.txt,27
137920newsML.txt,4
159532newsML.txt,35
160360newsML.txt,35
163111newsML.txt,35
163135newsML.txt,35
164502newsML.txt,35
165827newsML.txt,22
167309newsML.txt,22
169040newsML.txt,36
172185newsML.txt,36
174287newsML.txt,36
200640newsML.txt,27
200679newsML.txt,47
201053newsML.txt,47
219548newsML.txt,4
225509newsML.txt,4
230577newsML.txt,4
232113newsML.txt,4
250638newsML.txt,27
26877newsML.txt,21
27668newsML.txt,21
28480newsML.txt,27
289165newsML.txt,47
29057newsML.txt,27
293044newsML.txt,4
294343newsML.txt,4
300439newsML.txt,4
31091newsML.txt,47
314382newsML.txt,4
315525newsML.txt,4
319856newsML.txt,35
325858newsML.txt,47
327653newsML.txt,4
329893newsML.txt,4
331603newsML.txt,4
331672newsML.txt,27
334243newsML.txt,4
338594newsML.txt,4
338600newsML.txt,21
339075newsML.txt,27
339711newsML.txt,35
340119newsML.txt,4
103362newsML.txt,21
103380newsML.txt,21
105972newsML.txt,21
115389newsML.txt,35
117971newsML.txt,27
126147newsML.txt,4
130021newsML.txt,43
131132newsML.txt,43
131763newsML.txt,43
132968newsML.txt,1
136300newsML.txt,44
138243newsML.txt,44
141413newsML.txt,27
142994newsML.txt,24
142995newsML.txt,24
142997newsML.txt,24
143011newsML.txt,24
143033newsML.txt,24
143036newsML.txt,36
144390newsML.txt,27
147012newsML.txt,36
148026newsML.txt,36
148227newsML.txt,36
149908newsML.txt,36
151249newsML.txt,27
152843newsML.txt,27
154415newsML.txt,35
159560newsML.txt,36
183638newsML.txt,47
183716newsML.txt,47
184783newsML.txt,36
185611newsML.txt,36
185674newsML.txt,36
186888newsML.txt,36
186890newsML.txt,36
187979newsML.txt,27
190268newsML.txt,27
191718newsML.txt,36
195814newsML.txt,36
197541newsML.txt,36
199265newsML.txt,36
200394newsML.txt,36
200668newsML.txt,36
203923newsML.txt,36
203926newsML.txt,27
206040newsML.txt,27
207515newsML.txt,35
210506newsML.txt,27
210519newsML.txt,47
220918newsML.txt,27
110696newsML.txt,22
123422newsML.txt,4
126553newsML.txt,22
129041newsML.txt,4
130351newsML.txt,30
133336newsML.txt,22
136654newsML.txt,30
140181newsML.txt,30
143439newsML.txt,4
156487newsML.txt,22
156602newsML.txt,4
179986newsML.txt,30
186082newsML.txt,30
195207newsML.txt,4
202500newsML.txt,4
217081newsML.txt,4
217140newsML.txt,22
227159newsML.txt,4
228172newsML.txt,4
228182newsML.txt,4
236734newsML.txt,4
236854newsML.txt,4
242202newsML.txt,22
243366newsML.txt,4
251933newsML.txt,30
254655newsML.txt,30
254777newsML.txt,4
258467newsML.txt,4
261073newsML.txt,4
261076newsML.txt,4
263877newsML.txt,4
263931newsML.txt,4
266933newsML.txt,12
266934newsML.txt,4
269494newsML.txt,4
281959newsML.txt,4
286977newsML.txt,4
293363newsML.txt,4
293377newsML.txt,4
293437newsML.txt,4
295872newsML.txt,30
305571newsML.txt,4
305637newsML.txt,4
311686newsML.txt,4
314740newsML.txt,4
314809newsML.txt,4
333463newsML.txt,4
334589newsML.txt,4
343706newsML.txt,12
349781newsML.txt,4
107610newsML.txt,27
110316newsML.txt,27
113806newsML.txt,27
114919newsML.txt,27
114962newsML.txt,27
117941newsML.txt,27
117955newsML.txt,27
117958newsML.txt,27
122945newsML.txt,43
124269newsML.txt,43
125542newsML.txt,43
12639newsML.txt,43
13441newsML.txt,43
13442newsML.txt,43
138347newsML.txt,43
152889newsML.txt,4
157702newsML.txt,43
158161newsML.txt,43
161602newsML.txt,43
161738newsML.txt,44
161747newsML.txt,44
161753newsML.txt,44
162021newsML.txt,44
162208newsML.txt,44
163109newsML.txt,44
164490newsML.txt,44
172133newsML.txt,4
181588newsML.txt,27
199225newsML.txt,27
200592newsML.txt,27
201067newsML.txt,27
202015newsML.txt,27
203924newsML.txt,27
203930newsML.txt,27
21070newsML.txt,25
213689newsML.txt,4
223176newsML.txt,4
22411newsML.txt,25
229606newsML.txt,4
232566newsML.txt,43
232616newsML.txt,43
2344newsML.txt,43
234892newsML.txt,43
241521newsML.txt,4
259522newsML.txt,43
262296newsML.txt,4
265008newsML.txt,43
265140newsML.txt,43
275481newsML.txt,4
286107newsML.txt,4
100163newsML.txt,4
100485newsML.txt,32
102702newsML.txt,4
105399newsML.txt,4
10771newsML.txt,4
108321newsML.txt,4
110894newsML.txt,32
110981newsML.txt,32
113464newsML.txt,32
11690newsML.txt,31
11692newsML.txt,31
120486newsML.txt,32
126026newsML.txt,32
130811newsML.txt,32
133777newsML.txt,32
137042newsML.txt,4
137481newsML.txt,4
137616newsML.txt,35
13838newsML.txt,29
143586newsML.txt,32
143738newsML.txt,32
154378newsML.txt,4
154388newsML.txt,4
16057newsML.txt,4
173045newsML.txt,35
178086newsML.txt,4
191657newsML.txt,4
233324newsML.txt,4
243558newsML.txt,4
248401newsML.txt,4
249305newsML.txt,4
249404newsML.txt,4
259009newsML.txt,4
269637newsML.txt,35
270070newsML.txt,4
283396newsML.txt,35
283914newsML.txt,35
284178newsML.txt,35
290199newsML.txt,4
2906newsML.txt,4
290996newsML.txt,32
291190newsML.txt,4
291432newsML.txt,32
293659newsML.txt,45
293808newsML.txt,45
299416newsML.txt,32
305957newsML.txt,4
311940newsML.txt,4
317846newsML.txt,4
323618newsML.txt,4
105191newsML.txt,22
109875newsML.txt,22
109876newsML.txt,22
110703newsML.txt,38
114198newsML.txt,24
115436newsML.txt,24
116890newsML.txt,34
125098newsML.txt,4
125545newsML.txt,4
133461newsML.txt,4
138954newsML.txt,34
15226newsML.txt,4
171096newsML.txt,34
176105newsML.txt,4
18329newsML.txt,4
184096newsML.txt,34
184143newsML.txt,34
184150newsML.txt,34
198071newsML.txt,4
21536newsML.txt,4
218602newsML.txt,4
218625newsML.txt,4
221499newsML.txt,24
221509newsML.txt,24
221518newsML.txt,24
223858newsML.txt,4
223897newsML.txt,4
229778newsML.txt,24
235532newsML.txt,4
241149newsML.txt,4
244696newsML.txt,4
244698newsML.txt,4
244734newsML.txt,4
247635newsML.txt,4
247636newsML.txt,4
247652newsML.txt,34
247668newsML.txt,34
247671newsML.txt,34
255906newsML.txt,4
256319newsML.txt,4
256320newsML.txt,4
256349newsML.txt,4
256350newsML.txt,4
2730newsML.txt,18
278563newsML.txt,24
278908newsML.txt,24
292246newsML.txt,4
292666newsML.txt,4
297804newsML.txt,24
304259newsML.txt,34
103790newsML.txt,4
156083newsML.txt,27
157761newsML.txt,27
162181newsML.txt,44
162189newsML.txt,44
162191newsML.txt,44
162193newsML.txt,44
162195newsML.txt,44
162644newsML.txt,44
163112newsML.txt,44
163119newsML.txt,44
164526newsML.txt,44
165832newsML.txt,1
167814newsML.txt,44
181858newsML.txt,36
181907newsML.txt,36
187985newsML.txt,44
188419newsML.txt,44
189882newsML.txt,44
189900newsML.txt,44
199262newsML.txt,27
219536newsML.txt,4
23873newsML.txt,4
239217newsML.txt,44
250064newsML.txt,27
254351newsML.txt,4
267983newsML.txt,44
27422newsML.txt,4
278254newsML.txt,36
294355newsML.txt,4
297203newsML.txt,44
314384newsML.txt,1
314406newsML.txt,44
315603newsML.txt,4
316041newsML.txt,4
322479newsML.txt,4
322955newsML.txt,4
327620newsML.txt,44
329130newsML.txt,21
340175newsML.txt,44
341840newsML.txt,27
341864newsML.txt,27
347828newsML.txt,43
359687newsML.txt,44
36556newsML.txt,27
371805newsML.txt,4
374916newsML.txt,4
393388newsML.txt,21
394816newsML.txt,21
402055newsML.txt,47
101520newsML.txt,4
104417newsML.txt,32
108366newsML.txt,38
113206newsML.txt,38
117158newsML.txt,19
120392newsML.txt,19
121032newsML.txt,19
123800newsML.txt,19
124768newsML.txt,19
128940newsML.txt,4
129309newsML.txt,32
146032newsML.txt,19
150572newsML.txt,38
157930newsML.txt,19
160129newsML.txt,38
160557newsML.txt,19
167199newsML.txt,38
170654newsML.txt,32
172988newsML.txt,19
173933newsML.txt,4
181666newsML.txt,38
183208newsML.txt,38
183605newsML.txt,38
185419newsML.txt,19
189198newsML.txt,38
200795newsML.txt,38
202658newsML.txt,38
203674newsML.txt,38
218300newsML.txt,19
264379newsML.txt,4
271793newsML.txt,19
271795newsML.txt,19
271894newsML.txt,19
272490newsML.txt,19
283247newsML.txt,32
285535newsML.txt,19
287103newsML.txt,19
287796newsML.txt,19
290979newsML.txt,19
298368newsML.txt,32
299663newsML.txt,32
307652newsML.txt,19
309316newsML.txt,19
311931newsML.txt,4
311972newsML.txt,38
313088newsML.txt,19
315358newsML.txt,4
330773newsML.txt,4
331262newsML.txt,4
331500newsML.txt,32
10274newsML.txt,37
105793newsML.txt,32
130081newsML.txt,37
13810newsML.txt,4
139760newsML.txt,35
15592newsML.txt,37
162222newsML.txt,37
163197newsML.txt,37
164298newsML.txt,37
165902newsML.txt,37
172241newsML.txt,37
174373newsML.txt,37
185720newsML.txt,37
188535newsML.txt,37
202140newsML.txt,37
207278newsML.txt,37
212440newsML.txt,35
213719newsML.txt,37
216822newsML.txt,37
219628newsML.txt,37
224725newsML.txt,37
227933newsML.txt,37
230638newsML.txt,37
233590newsML.txt,37
236474newsML.txt,37
2387newsML.txt,37
239275newsML.txt,37
239280newsML.txt,37
254426newsML.txt,37
257337newsML.txt,37
302437newsML.txt,37
305250newsML.txt,37
308198newsML.txt,37
311319newsML.txt,37
316724newsML.txt,37
317743newsML.txt,35
319107newsML.txt,37
319113newsML.txt,35
326409newsML.txt,37
329147newsML.txt,37
332252newsML.txt,37
334277newsML.txt,37
339037newsML.txt,4
345128newsML.txt,37
346330newsML.txt,37
353567newsML.txt,37
356565newsML.txt,37
362785newsML.txt,37
364632newsML.txt,37
366471newsML.txt,37
102480newsML.txt,13
10327newsML.txt,22
106719newsML.txt,13
107032newsML.txt,13
110718newsML.txt,13
111855newsML.txt,13
112106newsML.txt,13
114299newsML.txt,13
115594newsML.txt,13
116963newsML.txt,13
120232newsML.txt,13
121886newsML.txt,13
121931newsML.txt,13
12381newsML.txt,13
125205newsML.txt,13
125560newsML.txt,13
133490newsML.txt,13
135223newsML.txt,13
146245newsML.txt,13
146472newsML.txt,13
148890newsML.txt,13
151846newsML.txt,13
15736newsML.txt,13
158405newsML.txt,13
158416newsML.txt,13
159976newsML.txt,13
166518newsML.txt,13
169600newsML.txt,13
171253newsML.txt,13
171633newsML.txt,13
17858newsML.txt,13
180191newsML.txt,13
187362newsML.txt,13
198178newsML.txt,13
204874newsML.txt,13
20855newsML.txt,13
229894newsML.txt,13
23184newsML.txt,13
238772newsML.txt,13
2439newsML.txt,13
244800newsML.txt,13
2462newsML.txt,13
247724newsML.txt,13
248156newsML.txt,13
250844newsML.txt,0
258739newsML.txt,13
265681newsML.txt,13
27316newsML.txt,13
275670newsML.txt,13
29593newsML.txt,13
102195newsML.txt,13
103703newsML.txt,13
105018newsML.txt,22
107881newsML.txt,22
114005newsML.txt,13
116673newsML.txt,22
123245newsML.txt,22
130255newsML.txt,21
147283newsML.txt,22
153131newsML.txt,37
156303newsML.txt,22
159726newsML.txt,13
163468newsML.txt,13
166151newsML.txt,22
166214newsML.txt,22
169353newsML.txt,4
182130newsML.txt,22
185549newsML.txt,4
199480newsML.txt,22
202315newsML.txt,4
206315newsML.txt,4
209593newsML.txt,13
219830newsML.txt,22
224891newsML.txt,22
230857newsML.txt,22
236661newsML.txt,37
239652newsML.txt,4
239689newsML.txt,22
241692newsML.txt,22
245918newsML.txt,4
248885newsML.txt,22
260916newsML.txt,22
262566newsML.txt,22
263722newsML.txt,4
263781newsML.txt,22
266599newsML.txt,4
266625newsML.txt,22
269345newsML.txt,13
269386newsML.txt,4
27013newsML.txt,22
293211newsML.txt,22
294148newsML.txt,22
295731newsML.txt,4
298904newsML.txt,22
305426newsML.txt,4
308394newsML.txt,13
314644newsML.txt,22
318404newsML.txt,22
318451newsML.txt,12
324280newsML.txt,22
108487newsML.txt,18
115160newsML.txt,18
115199newsML.txt,40
121654newsML.txt,40
121701newsML.txt,40
128737newsML.txt,40
129351newsML.txt,18
129426newsML.txt,18
134055newsML.txt,18
134919newsML.txt,40
134931newsML.txt,40
137247newsML.txt,18
137362newsML.txt,18
137480newsML.txt,18
140842newsML.txt,18
140849newsML.txt,18
141667newsML.txt,18
141744newsML.txt,18
141746newsML.txt,18
142386newsML.txt,18
143829newsML.txt,35
144618newsML.txt,35
144673newsML.txt,4
147835newsML.txt,40
148534newsML.txt,40
148549newsML.txt,40
150780newsML.txt,40
158085newsML.txt,40
16949newsML.txt,4
171152newsML.txt,40
171548newsML.txt,40
174150newsML.txt,4
184864newsML.txt,18
18555newsML.txt,4
187829newsML.txt,18
197891newsML.txt,18
200130newsML.txt,18
200818newsML.txt,18
200991newsML.txt,18
203406newsML.txt,40
20886newsML.txt,4
210745newsML.txt,38
217645newsML.txt,4
217650newsML.txt,4
218344newsML.txt,18
221119newsML.txt,40
221246newsML.txt,4
222937newsML.txt,4
22884newsML.txt,4
229499newsML.txt,18
101093newsML.txt,20
101098newsML.txt,20
103818newsML.txt,4
103826newsML.txt,4
114722newsML.txt,4
115420newsML.txt,4
115431newsML.txt,4
118468newsML.txt,4
121864newsML.txt,4
125094newsML.txt,4
125147newsML.txt,4
135098newsML.txt,4
151787newsML.txt,4
155007newsML.txt,4
164991newsML.txt,24
192328newsML.txt,4
21528newsML.txt,4
258563newsML.txt,4
269583newsML.txt,32
271058newsML.txt,32
271077newsML.txt,32
271088newsML.txt,4
27264newsML.txt,4
286524newsML.txt,4
286542newsML.txt,4
289652newsML.txt,4
294948newsML.txt,35
294969newsML.txt,35
30673newsML.txt,48
30686newsML.txt,20
33304newsML.txt,20
33308newsML.txt,20
358695newsML.txt,35
358701newsML.txt,35
364654newsML.txt,4
368102newsML.txt,4
368145newsML.txt,4
370908newsML.txt,20
373924newsML.txt,4
379952newsML.txt,4
383098newsML.txt,4
383103newsML.txt,4
391048newsML.txt,4
395441newsML.txt,24
398974newsML.txt,4
399002newsML.txt,4
399895newsML.txt,4
402409newsML.txt,21
402412newsML.txt,21
402444newsML.txt,4
100375newsML.txt,4
101547newsML.txt,38
108184newsML.txt,17
108730newsML.txt,17
11750newsML.txt,38
127151newsML.txt,38
127318newsML.txt,38
130607newsML.txt,38
130622newsML.txt,38
130730newsML.txt,38
132308newsML.txt,26
132566newsML.txt,4
13568newsML.txt,4
140462newsML.txt,32
143574newsML.txt,38
15583newsML.txt,31
157448newsML.txt,4
158943newsML.txt,4
162155newsML.txt,4
16678newsML.txt,31
174033newsML.txt,4
182849newsML.txt,26
183836newsML.txt,35
202582newsML.txt,26
203663newsML.txt,26
20801newsML.txt,4
22286newsML.txt,4
232346newsML.txt,38
2538newsML.txt,38
257342newsML.txt,26
257622newsML.txt,26
257926newsML.txt,26
258793newsML.txt,26
259308newsML.txt,26
259796newsML.txt,26
274876newsML.txt,35
275458newsML.txt,35
276214newsML.txt,38
285485newsML.txt,31
290078newsML.txt,31
295347newsML.txt,31
302120newsML.txt,38
309552newsML.txt,38
311937newsML.txt,38
312192newsML.txt,38
315688newsML.txt,38
316912newsML.txt,38
317025newsML.txt,32
318853newsML.txt,38
319110newsML.txt,38
102033newsML.txt,12
107670newsML.txt,12
130106newsML.txt,12
139789newsML.txt,12
153002newsML.txt,12
156243newsML.txt,12
165943newsML.txt,12
165976newsML.txt,12
169180newsML.txt,12
169229newsML.txt,12
175759newsML.txt,12
224752newsML.txt,12
224769newsML.txt,12
224786newsML.txt,12
233655newsML.txt,12
236509newsML.txt,12
248714newsML.txt,12
251685newsML.txt,12
258294newsML.txt,12
263657newsML.txt,12
266534newsML.txt,4
280201newsML.txt,12
280207newsML.txt,12
283605newsML.txt,12
286922newsML.txt,3
287384newsML.txt,3
288284newsML.txt,3
293127newsML.txt,4
298758newsML.txt,4
301536newsML.txt,4
302468newsML.txt,22
302478newsML.txt,12
305276newsML.txt,12
308257newsML.txt,12
311372newsML.txt,4
318283newsML.txt,12
327686newsML.txt,12
333417newsML.txt,4
334354newsML.txt,12
343391newsML.txt,12
343415newsML.txt,12
343437newsML.txt,12
346379newsML.txt,12
350671newsML.txt,12
356601newsML.txt,12
359837newsML.txt,12
359857newsML.txt,12
362649newsML.txt,12
362811newsML.txt,12
362814newsML.txt,12
102530newsML.txt,34
105491newsML.txt,4
119156newsML.txt,34
120404newsML.txt,34
122415newsML.txt,2
124763newsML.txt,34
13406newsML.txt,4
13865newsML.txt,4
13958newsML.txt,4
152528newsML.txt,4
183243newsML.txt,35
184787newsML.txt,35
186387newsML.txt,34
186990newsML.txt,35
22201newsML.txt,4
233199newsML.txt,18
234177newsML.txt,4
237057newsML.txt,41
239435newsML.txt,41
239967newsML.txt,41
245471newsML.txt,35
257827newsML.txt,41
261401newsML.txt,4
269791newsML.txt,4
269817newsML.txt,34
269990newsML.txt,4
270352newsML.txt,34
285409newsML.txt,41
287614newsML.txt,41
288623newsML.txt,45
288745newsML.txt,4
298475newsML.txt,41
299336newsML.txt,41
305809newsML.txt,45
307864newsML.txt,41
309322newsML.txt,41
320765newsML.txt,4
323784newsML.txt,4
324861newsML.txt,4
328867newsML.txt,4
353261newsML.txt,4
357313newsML.txt,4
360346newsML.txt,41
363969newsML.txt,41
372558newsML.txt,41
375668newsML.txt,4
379600newsML.txt,41
40606newsML.txt,4
406455newsML.txt,41
418479newsML.txt,4
102467newsML.txt,39
105255newsML.txt,39
108143newsML.txt,46
110742newsML.txt,9
11265newsML.txt,4
11273newsML.txt,5
117025newsML.txt,16
118737newsML.txt,4
120273newsML.txt,4
125212newsML.txt,4
126632newsML.txt,39
129103newsML.txt,4
130515newsML.txt,39
133488newsML.txt,4
137508newsML.txt,4
138551newsML.txt,4
140299newsML.txt,4
142229newsML.txt,13
144988newsML.txt,4
153427newsML.txt,9
155055newsML.txt,9
156653newsML.txt,9
15700newsML.txt,4
158417newsML.txt,9
159932newsML.txt,9
159960newsML.txt,39
161084newsML.txt,0
161833newsML.txt,0
163678newsML.txt,9
166433newsML.txt,39
167928newsML.txt,39
169588newsML.txt,9
169608newsML.txt,39
174493newsML.txt,39
176131newsML.txt,4
182489newsML.txt,39
186174newsML.txt,39
187394newsML.txt,39
188953newsML.txt,4
192419newsML.txt,39
192434newsML.txt,5
196752newsML.txt,4
199837newsML.txt,39
204883newsML.txt,5
209808newsML.txt,39
209826newsML.txt,4
211093newsML.txt,4
214186newsML.txt,9
222803newsML.txt,39
225075newsML.txt,5
105567newsML.txt,2
10799newsML.txt,2
108449newsML.txt,2
110904newsML.txt,2
112673newsML.txt,2
116073newsML.txt,2
116176newsML.txt,2
117081newsML.txt,2
119266newsML.txt,2
120416newsML.txt,15
120591newsML.txt,2
121030newsML.txt,2
123754newsML.txt,2
123878newsML.txt,2
130621newsML.txt,2
133736newsML.txt,2
133837newsML.txt,2
13391newsML.txt,2
135866newsML.txt,2
136039newsML.txt,2
136074newsML.txt,2
136895newsML.txt,2
137483newsML.txt,2
137486newsML.txt,2
13825newsML.txt,2
13930newsML.txt,4
13951newsML.txt,2
140553newsML.txt,2
154642newsML.txt,15
155834newsML.txt,35
159095newsML.txt,44
159997newsML.txt,44
160344newsML.txt,44
160349newsML.txt,44
16038newsML.txt,2
161927newsML.txt,44
162020newsML.txt,44
162173newsML.txt,44
162177newsML.txt,44
162521newsML.txt,44
162540newsML.txt,44
162682newsML.txt,2
162894newsML.txt,44
163897newsML.txt,2
164455newsML.txt,44
164659newsML.txt,44
165338newsML.txt,44
180293newsML.txt,2
182667newsML.txt,2
18798newsML.txt,2
102551newsML.txt,35
102719newsML.txt,35
102793newsML.txt,32
108222newsML.txt,4
108443newsML.txt,4
114356newsML.txt,10
114428newsML.txt,10
114859newsML.txt,10
117099newsML.txt,10
120569newsML.txt,10
120588newsML.txt,10
123595newsML.txt,10
123628newsML.txt,10
123987newsML.txt,10
125965newsML.txt,35
126714newsML.txt,35
132671newsML.txt,4
140446newsML.txt,32
142683newsML.txt,26
142736newsML.txt,4
143591newsML.txt,32
143765newsML.txt,32
153684newsML.txt,26
156759newsML.txt,10
15778newsML.txt,10
178068newsML.txt,32
178089newsML.txt,32
18217newsML.txt,4
18739newsML.txt,4
203296newsML.txt,4
205566newsML.txt,4
209925newsML.txt,10
209945newsML.txt,10
213454newsML.txt,26
217368newsML.txt,32
2296newsML.txt,4
231178newsML.txt,10
237159newsML.txt,4
251195newsML.txt,4
251347newsML.txt,4
255134newsML.txt,32
255733newsML.txt,32
258801newsML.txt,20
259000newsML.txt,20
264335newsML.txt,35
267178newsML.txt,35
270137newsML.txt,4
283991newsML.txt,4
288774newsML.txt,4
291177newsML.txt,32
108105newsML.txt,49
115524newsML.txt,9
120288newsML.txt,49
129185newsML.txt,4
151867newsML.txt,0
158626newsML.txt,0
161373newsML.txt,49
166468newsML.txt,0
174559newsML.txt,0
184622newsML.txt,0
190619newsML.txt,0
192387newsML.txt,0
194769newsML.txt,0
195348newsML.txt,0
202909newsML.txt,39
205146newsML.txt,0
208161newsML.txt,49
215906newsML.txt,0
217232newsML.txt,49
221800newsML.txt,49
222778newsML.txt,0
224140newsML.txt,0
226225newsML.txt,0
227262newsML.txt,0
232735newsML.txt,49
232850newsML.txt,49
235615newsML.txt,0
235690newsML.txt,49
238764newsML.txt,49
242322newsML.txt,0
243415newsML.txt,0
244883newsML.txt,0
246251newsML.txt,0
247781newsML.txt,0
247855newsML.txt,0
250733newsML.txt,0
250825newsML.txt,0
252085newsML.txt,0
25384newsML.txt,49
256526newsML.txt,0
262875newsML.txt,49
262888newsML.txt,0
26410newsML.txt,0
269850newsML.txt,0
269864newsML.txt,0
271287newsML.txt,0
271684newsML.txt,0
276107newsML.txt,49
278596newsML.txt,0
302864newsML.txt,49
100796newsML.txt,43
103156newsML.txt,43
103612newsML.txt,43
111120newsML.txt,18
114507newsML.txt,18
114726newsML.txt,18
117510newsML.txt,18
120892newsML.txt,40
120914newsML.txt,18
121047newsML.txt,18
121060newsML.txt,18
131651newsML.txt,40
134012newsML.txt,4
134014newsML.txt,4
135536newsML.txt,4
137348newsML.txt,4
166855newsML.txt,4
169998newsML.txt,31
187064newsML.txt,4
193894newsML.txt,31
200399newsML.txt,31
203401newsML.txt,18
203527newsML.txt,18
204524newsML.txt,18
220430newsML.txt,43
221117newsML.txt,43
231585newsML.txt,43
240967newsML.txt,31
243837newsML.txt,40
244133newsML.txt,40
257666newsML.txt,31
257759newsML.txt,31
257760newsML.txt,31
259821newsML.txt,31
261933newsML.txt,31
270873newsML.txt,40
286787newsML.txt,43
29116newsML.txt,31
303195newsML.txt,31
304051newsML.txt,31
315959newsML.txt,4
319304newsML.txt,43
322828newsML.txt,31
322947newsML.txt,31
335078newsML.txt,18
335319newsML.txt,18
37690newsML.txt,18
37710newsML.txt,18
37762newsML.txt,43
379739newsML.txt,31
104639newsML.txt,4
105455newsML.txt,4
10726newsML.txt,26
110827newsML.txt,4
110986newsML.txt,4
113551newsML.txt,4
122605newsML.txt,4
129289newsML.txt,4
129717newsML.txt,4
137061newsML.txt,11
140433newsML.txt,18
142837newsML.txt,18
143798newsML.txt,4
144598newsML.txt,18
147604newsML.txt,35
147744newsML.txt,35
153574newsML.txt,4
156766newsML.txt,4
156978newsML.txt,4
163749newsML.txt,4
163771newsML.txt,11
163815newsML.txt,4
164273newsML.txt,11
166722newsML.txt,11
168531newsML.txt,11
168654newsML.txt,11
168806newsML.txt,11
172865newsML.txt,45
173005newsML.txt,4
173947newsML.txt,11
175201newsML.txt,11
177958newsML.txt,11
186416newsML.txt,11
196693newsML.txt,4
196812newsML.txt,4
196990newsML.txt,4
198999newsML.txt,4
206638newsML.txt,11
207287newsML.txt,11
207288newsML.txt,11
216335newsML.txt,4
219316newsML.txt,4
220676newsML.txt,4
243641newsML.txt,4
243684newsML.txt,4
251225newsML.txt,11
255995newsML.txt,11
257938newsML.txt,26
259306newsML.txt,26
264190newsML.txt,26
121036newsML.txt,15
135924newsML.txt,15
137485newsML.txt,15
139224newsML.txt,15
140752newsML.txt,15
146861newsML.txt,15
150665newsML.txt,15
154675newsML.txt,15
155654newsML.txt,15
168572newsML.txt,15
171742newsML.txt,15
172846newsML.txt,15
173423newsML.txt,4
174058newsML.txt,15
175177newsML.txt,4
177017newsML.txt,4
181874newsML.txt,15
186425newsML.txt,15
186437newsML.txt,15
206783newsML.txt,4
214814newsML.txt,15
215305newsML.txt,15
215313newsML.txt,15
217357newsML.txt,15
217899newsML.txt,15
218296newsML.txt,15
231347newsML.txt,4
237323newsML.txt,15
252404newsML.txt,4
255709newsML.txt,4
264342newsML.txt,4
267134newsML.txt,4
277122newsML.txt,4
282184newsML.txt,4
283280newsML.txt,15
296312newsML.txt,15
305787newsML.txt,15
306326newsML.txt,15
312253newsML.txt,15
317583newsML.txt,4
32727newsML.txt,15
351344newsML.txt,15
352215newsML.txt,15
357213newsML.txt,15
357386newsML.txt,4
360479newsML.txt,15
361475newsML.txt,15
369492newsML.txt,4
379555newsML.txt,4
379567newsML.txt,4
105557newsML.txt,32
10781newsML.txt,4
120398newsML.txt,32
134566newsML.txt,4
137035newsML.txt,4
137812newsML.txt,38
138944newsML.txt,38
142698newsML.txt,4
144030newsML.txt,4
150672newsML.txt,38
151392newsML.txt,38
157604newsML.txt,38
158945newsML.txt,38
160066newsML.txt,4
168565newsML.txt,4
175043newsML.txt,4
177032newsML.txt,4
178271newsML.txt,38
178647newsML.txt,4
180753newsML.txt,4
181711newsML.txt,32
189155newsML.txt,38
193298newsML.txt,30
195461newsML.txt,30
195465newsML.txt,38
196664newsML.txt,4
196870newsML.txt,4
197518newsML.txt,38
199947newsML.txt,38
206811newsML.txt,38
207693newsML.txt,38
207747newsML.txt,4
212471newsML.txt,32
213090newsML.txt,32
218057newsML.txt,32
242117newsML.txt,38
242528newsML.txt,38
247268newsML.txt,38
247516newsML.txt,38
25052newsML.txt,38
26550newsML.txt,4
268174newsML.txt,32
273216newsML.txt,4
293806newsML.txt,38
297101newsML.txt,38
309801newsML.txt,4
310667newsML.txt,32
312805newsML.txt,38
31339newsML.txt,38
313966newsML.txt,38
108084newsML.txt,4
113117newsML.txt,28
140274newsML.txt,4
147534newsML.txt,20
148891newsML.txt,20
150435newsML.txt,4
155177newsML.txt,20
162424newsML.txt,20
165189newsML.txt,20
166481newsML.txt,28
169592newsML.txt,49
190734newsML.txt,49
196732newsML.txt,49
213002newsML.txt,4
21569newsML.txt,10
24260newsML.txt,10
26419newsML.txt,10
27290newsML.txt,49
310313newsML.txt,49
310654newsML.txt,49
317452newsML.txt,0
317706newsML.txt,4
31981newsML.txt,10
323333newsML.txt,49
324597newsML.txt,49
342562newsML.txt,4
352851newsML.txt,4
360226newsML.txt,0
361890newsML.txt,0
365768newsML.txt,4
369465newsML.txt,49
383224newsML.txt,49
386644newsML.txt,29
387955newsML.txt,49
387956newsML.txt,16
392316newsML.txt,49
396739newsML.txt,49
396740newsML.txt,4
396743newsML.txt,37
405565newsML.txt,49
409023newsML.txt,49
414690newsML.txt,4
419462newsML.txt,24
421047newsML.txt,24
426559newsML.txt,49
426661newsML.txt,24
428346newsML.txt,24
429223newsML.txt,4
429225newsML.txt,49
436334newsML.txt,49
116929newsML.txt,9
123483newsML.txt,33
123507newsML.txt,49
125213newsML.txt,9
126593newsML.txt,4
130513newsML.txt,4
133498newsML.txt,4
136771newsML.txt,49
136805newsML.txt,49
140273newsML.txt,5
140340newsML.txt,39
142465newsML.txt,39
143454newsML.txt,9
145712newsML.txt,39
158507newsML.txt,39
159412newsML.txt,4
161138newsML.txt,39
165123newsML.txt,39
184219newsML.txt,39
194787newsML.txt,5
195353newsML.txt,9
195357newsML.txt,39
198216newsML.txt,4
199747newsML.txt,39
208266newsML.txt,5
209835newsML.txt,9
232758newsML.txt,21
244999newsML.txt,4
250880newsML.txt,4
253868newsML.txt,39
254803newsML.txt,4
256974newsML.txt,9
282007newsML.txt,39
287502newsML.txt,33
289837newsML.txt,4
292263newsML.txt,33
295436newsML.txt,4
295992newsML.txt,39
299129newsML.txt,6
301673newsML.txt,4
305692newsML.txt,4
310466newsML.txt,4
314875newsML.txt,4
318653newsML.txt,49
318742newsML.txt,4
321513newsML.txt,39
334739newsML.txt,4
340709newsML.txt,39
340736newsML.txt,0
345375newsML.txt,4
15627newsML.txt,4
242983newsML.txt,20
245741newsML.txt,20
248599newsML.txt,4
253060newsML.txt,4
255730newsML.txt,20
258206newsML.txt,27
259617newsML.txt,27
27675newsML.txt,22
302376newsML.txt,25
303707newsML.txt,25
311253newsML.txt,23
312858newsML.txt,23
312983newsML.txt,27
324051newsML.txt,10
347888newsML.txt,23
347894newsML.txt,23
350608newsML.txt,23
353509newsML.txt,23
356525newsML.txt,4
361250newsML.txt,23
376405newsML.txt,27
376414newsML.txt,28
377851newsML.txt,23
384133newsML.txt,20
385473newsML.txt,20
385542newsML.txt,27
390568newsML.txt,23
390574newsML.txt,27
400494newsML.txt,27
402074newsML.txt,27
403689newsML.txt,27
405057newsML.txt,27
405124newsML.txt,27
405237newsML.txt,20
406879newsML.txt,27
409884newsML.txt,28
413323newsML.txt,23
417061newsML.txt,27
418734newsML.txt,27
420566newsML.txt,27
423379newsML.txt,27
424503newsML.txt,27
425943newsML.txt,4
440535newsML.txt,27
442065newsML.txt,23
447824newsML.txt,23
448236newsML.txt,23
450839newsML.txt,27
455543newsML.txt,23
108092newsML.txt,49
110751newsML.txt,4
113062newsML.txt,9
113074newsML.txt,9
123487newsML.txt,22
127958newsML.txt,22
153426newsML.txt,9
155113newsML.txt,9
163670newsML.txt,22
169589newsML.txt,39
169609newsML.txt,31
186184newsML.txt,49
190418newsML.txt,0
192393newsML.txt,0
192410newsML.txt,0
195093newsML.txt,4
241238newsML.txt,49
242294newsML.txt,0
243445newsML.txt,4
246306newsML.txt,49
250726newsML.txt,0
250732newsML.txt,0
253732newsML.txt,0
253869newsML.txt,0
264108newsML.txt,49
266981newsML.txt,0
271710newsML.txt,0
27284newsML.txt,0
273117newsML.txt,0
281155newsML.txt,0
283835newsML.txt,0
301674newsML.txt,0
31955newsML.txt,22
336357newsML.txt,49
380721newsML.txt,0
380733newsML.txt,49
381221newsML.txt,0
381228newsML.txt,0
392182newsML.txt,0
392471newsML.txt,49
395666newsML.txt,33
409157newsML.txt,22
41230newsML.txt,4
417677newsML.txt,0
422392newsML.txt,49
426779newsML.txt,49
446979newsML.txt,0
456180newsML.txt,49
462146newsML.txt,49
462149newsML.txt,49
101565newsML.txt,38
104608newsML.txt,32
113481newsML.txt,32
115852newsML.txt,38
120387newsML.txt,17
120410newsML.txt,32
126708newsML.txt,32
126897newsML.txt,32
129783newsML.txt,32
130612newsML.txt,32
136917newsML.txt,32
140583newsML.txt,4
144326newsML.txt,4
146012newsML.txt,38
149309newsML.txt,38
151061newsML.txt,38
154598newsML.txt,17
157001newsML.txt,17
16054newsML.txt,43
176991newsML.txt,17
179117newsML.txt,38
18158newsML.txt,43
181674newsML.txt,38
18215newsML.txt,43
182700newsML.txt,38
186457newsML.txt,32
187047newsML.txt,38
189987newsML.txt,32
200003newsML.txt,32
203028newsML.txt,32
203129newsML.txt,17
232280newsML.txt,17
237345newsML.txt,35
240007newsML.txt,35
242113newsML.txt,30
242590newsML.txt,38
243514newsML.txt,38
246358newsML.txt,38
246460newsML.txt,38
249362newsML.txt,38
252289newsML.txt,38
257205newsML.txt,32
272016newsML.txt,38
27551newsML.txt,32
283077newsML.txt,38
285748newsML.txt,35
287618newsML.txt,4
301796newsML.txt,34
305885newsML.txt,32
309865newsML.txt,32
10265newsML.txt,47
114953newsML.txt,27
127403newsML.txt,4
127856newsML.txt,35
143038newsML.txt,41
149844newsML.txt,47
152851newsML.txt,41
154492newsML.txt,27
15631newsML.txt,47
159528newsML.txt,47
159531newsML.txt,47
160644newsML.txt,47
164516newsML.txt,47
164877newsML.txt,47
164890newsML.txt,47
165801newsML.txt,47
165864newsML.txt,47
167779newsML.txt,47
167803newsML.txt,47
172132newsML.txt,35
173770newsML.txt,27
173850newsML.txt,35
175500newsML.txt,27
175594newsML.txt,47
177684newsML.txt,27
199222newsML.txt,47
201017newsML.txt,47
202017newsML.txt,47
204606newsML.txt,47
207557newsML.txt,47
210560newsML.txt,47
220852newsML.txt,27
220857newsML.txt,27
220938newsML.txt,4
221452newsML.txt,4
224668newsML.txt,47
224684newsML.txt,47
225561newsML.txt,47
229159newsML.txt,47
229685newsML.txt,47
230604newsML.txt,47
234885newsML.txt,47
235003newsML.txt,47
236371newsML.txt,21
237957newsML.txt,47
237980newsML.txt,21
238095newsML.txt,47
240674newsML.txt,47
242910newsML.txt,47
242992newsML.txt,47
107276newsML.txt,45
108216newsML.txt,45
110957newsML.txt,45
111247newsML.txt,45
117089newsML.txt,14
120415newsML.txt,45
121051newsML.txt,45
133717newsML.txt,14
140567newsML.txt,14
144319newsML.txt,14
146468newsML.txt,14
146741newsML.txt,14
148408newsML.txt,14
149287newsML.txt,14
154381newsML.txt,4
155659newsML.txt,14
158140newsML.txt,14
160059newsML.txt,45
18151newsML.txt,45
18393newsML.txt,45
18414newsML.txt,14
189161newsML.txt,45
189259newsML.txt,4
191372newsML.txt,21
193383newsML.txt,45
193662newsML.txt,45
199894newsML.txt,14
200426newsML.txt,14
216410newsML.txt,45
217362newsML.txt,45
217419newsML.txt,45
217896newsML.txt,45
222096newsML.txt,45
227529newsML.txt,45
237066newsML.txt,45
245562newsML.txt,45
246995newsML.txt,45
259007newsML.txt,45
261367newsML.txt,45
264956newsML.txt,4
267365newsML.txt,4
270703newsML.txt,4
270751newsML.txt,14
271791newsML.txt,45
280639newsML.txt,4
284034newsML.txt,45
284597newsML.txt,45
28509newsML.txt,45
286232newsML.txt,45
291856newsML.txt,45
101226newsML.txt,4
10321newsML.txt,4
105226newsML.txt,4
106731newsML.txt,4
108094newsML.txt,4
113095newsML.txt,29
113097newsML.txt,16
115519newsML.txt,4
118912newsML.txt,4
123484newsML.txt,24
125333newsML.txt,29
126643newsML.txt,4
12909newsML.txt,39
129188newsML.txt,4
143490newsML.txt,4
147523newsML.txt,4
148885newsML.txt,4
153448newsML.txt,39
165109newsML.txt,4
169626newsML.txt,4
178505newsML.txt,39
178884newsML.txt,39
180188newsML.txt,39
188958newsML.txt,39
195340newsML.txt,39
196734newsML.txt,39
202888newsML.txt,39
206559newsML.txt,39
208244newsML.txt,39
209813newsML.txt,39
214207newsML.txt,49
222819newsML.txt,39
235763newsML.txt,39
239878newsML.txt,39
2430newsML.txt,24
246276newsML.txt,13
247720newsML.txt,13
247829newsML.txt,13
247909newsML.txt,4
257526newsML.txt,39
258689newsML.txt,16
264132newsML.txt,4
268647newsML.txt,39
278687newsML.txt,4
281216newsML.txt,39
28223newsML.txt,24
282935newsML.txt,33
287736newsML.txt,4
289747newsML.txt,39
304402newsML.txt,33
421829newsML.txt,4
424074newsML.txt,48
42764newsML.txt,38
43033newsML.txt,30
433558newsML.txt,30
436774newsML.txt,30
439561newsML.txt,29
450383newsML.txt,30
450788newsML.txt,30
466275newsML.txt,29
469448newsML.txt,30
478157newsML.txt,29
479564newsML.txt,29
482034newsML.txt,4
486982newsML.txt,29
491060newsML.txt,29
491643newsML.txt,29
492068newsML.txt,30
492770newsML.txt,38
493876newsML.txt,38
493995newsML.txt,38
494466newsML.txt,38
496933newsML.txt,30
507230newsML.txt,4
517526newsML.txt,30
518507newsML.txt,20
539259newsML.txt,30
544012newsML.txt,30
566383newsML.txt,30
581517newsML.txt,30
582759newsML.txt,30
582927newsML.txt,30
583229newsML.txt,30
593702newsML.txt,30
593715newsML.txt,30
595361newsML.txt,30
600865newsML.txt,20
601962newsML.txt,30
602451newsML.txt,20
602453newsML.txt,20
605443newsML.txt,30
606238newsML.txt,30
608287newsML.txt,30
629404newsML.txt,30
630942newsML.txt,30
635785newsML.txt,30
637021newsML.txt,30
64508newsML.txt,4
650163newsML.txt,4
653225newsML.txt,29
226494newsML.txt,37
236352newsML.txt,16
236574newsML.txt,16
238508newsML.txt,16
243204newsML.txt,6
258151newsML.txt,7
258421newsML.txt,7
263795newsML.txt,6
266728newsML.txt,6
272695newsML.txt,26
290616newsML.txt,7
292115newsML.txt,7
293241newsML.txt,7
295492newsML.txt,6
295770newsML.txt,6
302568newsML.txt,6
314352newsML.txt,6
315980newsML.txt,6
329867newsML.txt,6
329881newsML.txt,37
330057newsML.txt,37
332131newsML.txt,6
332767newsML.txt,37
334192newsML.txt,6
334448newsML.txt,6
334550newsML.txt,6
336998newsML.txt,26
337258newsML.txt,26
339041newsML.txt,26
350545newsML.txt,6
350775newsML.txt,6
356722newsML.txt,6
359894newsML.txt,6
361663newsML.txt,6
366272newsML.txt,26
366373newsML.txt,6
366381newsML.txt,6
366583newsML.txt,6
366688newsML.txt,6
367973newsML.txt,6
369180newsML.txt,6
375217newsML.txt,6
378036newsML.txt,6
381679newsML.txt,6
384397newsML.txt,6
397638newsML.txt,6
404037newsML.txt,6
406803newsML.txt,6
406812newsML.txt,6
406817newsML.txt,6
308119newsML.txt,4
309625newsML.txt,10
311279newsML.txt,4
316030newsML.txt,10
316079newsML.txt,10
318165newsML.txt,10
319897newsML.txt,10
320958newsML.txt,10
325793newsML.txt,10
32951newsML.txt,4
331658newsML.txt,4
33699newsML.txt,10
337048newsML.txt,4
33725newsML.txt,10
33726newsML.txt,10
33979newsML.txt,10
340179newsML.txt,29
346243newsML.txt,4
347927newsML.txt,4
356530newsML.txt,4
36069newsML.txt,10
368880newsML.txt,23
373284newsML.txt,4
40036newsML.txt,10
40042newsML.txt,10
40797newsML.txt,10
415565newsML.txt,28
415623newsML.txt,27
418692newsML.txt,27
421576newsML.txt,4
423409newsML.txt,20
424504newsML.txt,27
42561newsML.txt,10
425714newsML.txt,28
432627newsML.txt,38
43310newsML.txt,27
435739newsML.txt,28
437443newsML.txt,4
438800newsML.txt,28
440462newsML.txt,28
440463newsML.txt,28
440570newsML.txt,28
442046newsML.txt,28
443465newsML.txt,28
446464newsML.txt,28
448310newsML.txt,47
449459newsML.txt,28
449471newsML.txt,28
453934newsML.txt,27
455539newsML.txt,4
246281newsML.txt,9
253738newsML.txt,0
256512newsML.txt,39
257480newsML.txt,39
257486newsML.txt,16
257512newsML.txt,13
257752newsML.txt,16
257774newsML.txt,39
25912newsML.txt,9
265757newsML.txt,9
267043newsML.txt,4
273106newsML.txt,4
273110newsML.txt,33
2732newsML.txt,39
275542newsML.txt,0
275633newsML.txt,4
282006newsML.txt,9
282714newsML.txt,9
282994newsML.txt,4
284781newsML.txt,39
286651newsML.txt,39
289854newsML.txt,5
292307newsML.txt,5
29521newsML.txt,39
329319newsML.txt,49
333057newsML.txt,9
34762newsML.txt,9
351110newsML.txt,39
351176newsML.txt,39
352444newsML.txt,39
3541newsML.txt,4
358909newsML.txt,4
362004newsML.txt,5
362056newsML.txt,5
369436newsML.txt,5
370968newsML.txt,5
372324newsML.txt,5
373993newsML.txt,5
374132newsML.txt,5
377203newsML.txt,46
380017newsML.txt,46
380264newsML.txt,46
380723newsML.txt,39
381261newsML.txt,5
381284newsML.txt,4
382184newsML.txt,46
383271newsML.txt,4
386264newsML.txt,4
387914newsML.txt,33
387932newsML.txt,33
361843newsML.txt,34
365715newsML.txt,24
373908newsML.txt,24
373918newsML.txt,24
373923newsML.txt,24
377023newsML.txt,4
377027newsML.txt,24
38643newsML.txt,34
411948newsML.txt,4
411963newsML.txt,4
411964newsML.txt,4
422169newsML.txt,4
422177newsML.txt,4
422196newsML.txt,4
434620newsML.txt,28
434639newsML.txt,35
448362newsML.txt,4
4524newsML.txt,34
457862newsML.txt,4
473562newsML.txt,4
483285newsML.txt,4
483297newsML.txt,4
486099newsML.txt,24
486114newsML.txt,24
490941newsML.txt,24
493677newsML.txt,24
495186newsML.txt,24
495201newsML.txt,24
498168newsML.txt,24
498174newsML.txt,24
498185newsML.txt,24
499647newsML.txt,24
501361newsML.txt,24
533555newsML.txt,24
546701newsML.txt,34
555952newsML.txt,34
557449newsML.txt,34
564448newsML.txt,34
564487newsML.txt,34
582425newsML.txt,24
584368newsML.txt,24
614610newsML.txt,24
621832newsML.txt,24
632132newsML.txt,24
632134newsML.txt,24
635746newsML.txt,4
638406newsML.txt,4
638407newsML.txt,4
641570newsML.txt,4
644446newsML.txt,4
347151newsML.txt,4
347621newsML.txt,4
347827newsML.txt,4
351218newsML.txt,4
355224newsML.txt,4
35721newsML.txt,4
35731newsML.txt,32
360279newsML.txt,4
361151newsML.txt,4
363462newsML.txt,4
367024newsML.txt,4
375576newsML.txt,4
378368newsML.txt,4
378757newsML.txt,4
397965newsML.txt,4
398730newsML.txt,4
403141newsML.txt,4
40628newsML.txt,4
416802newsML.txt,35
418660newsML.txt,35
424105newsML.txt,35
429448newsML.txt,4
433514newsML.txt,4
440399newsML.txt,4
447074newsML.txt,4
453180newsML.txt,35
453205newsML.txt,35
45336newsML.txt,4
456233newsML.txt,24
456308newsML.txt,24
456550newsML.txt,24
457670newsML.txt,24
460094newsML.txt,24
462813newsML.txt,4
492830newsML.txt,35
494048newsML.txt,35
497821newsML.txt,32
498878newsML.txt,35
499850newsML.txt,4
502697newsML.txt,4
509785newsML.txt,32
510133newsML.txt,32
510134newsML.txt,32
532261newsML.txt,35
541677newsML.txt,4
541918newsML.txt,4
543949newsML.txt,4
544122newsML.txt,4
556131newsML.txt,4
559756newsML.txt,4
392045newsML.txt,8
394766newsML.txt,4
409728newsML.txt,4
426024newsML.txt,4
431621newsML.txt,4
432674newsML.txt,8
43376newsML.txt,4
435085newsML.txt,4
438913newsML.txt,4
451979newsML.txt,8
452451newsML.txt,4
455651newsML.txt,8
45789newsML.txt,4
459010newsML.txt,8
459922newsML.txt,8
469968newsML.txt,8
471511newsML.txt,8
471525newsML.txt,8
481633newsML.txt,8
482557newsML.txt,8
48300newsML.txt,24
486842newsML.txt,8
488540newsML.txt,8
488986newsML.txt,8
499175newsML.txt,8
502154newsML.txt,8
508778newsML.txt,37
521312newsML.txt,8
523429newsML.txt,4
524128newsML.txt,37
537438newsML.txt,8
540778newsML.txt,8
541508newsML.txt,8
54385newsML.txt,4
54386newsML.txt,4
549855newsML.txt,8
552118newsML.txt,8
553292newsML.txt,4
554793newsML.txt,8
555580newsML.txt,8
557176newsML.txt,8
558717newsML.txt,8
559158newsML.txt,8
560178newsML.txt,8
561091newsML.txt,8
561128newsML.txt,8
561518newsML.txt,8
561535newsML.txt,8
561555newsML.txt,8
562335newsML.txt,8
183833newsML.txt,45
18717newsML.txt,14
193380newsML.txt,14
194855newsML.txt,4
195623newsML.txt,32
195624newsML.txt,32
201827newsML.txt,14
202581newsML.txt,35
203662newsML.txt,35
204323newsML.txt,45
217962newsML.txt,45
220677newsML.txt,45
227505newsML.txt,4
2287newsML.txt,45
234153newsML.txt,14
234761newsML.txt,45
236095newsML.txt,4
237047newsML.txt,45
237690newsML.txt,14
238265newsML.txt,45
24396newsML.txt,4
25092newsML.txt,45
267210newsML.txt,45
267732newsML.txt,45
27371newsML.txt,14
285651newsML.txt,45
287113newsML.txt,45
287624newsML.txt,45
287844newsML.txt,45
288662newsML.txt,45
290135newsML.txt,45
290324newsML.txt,45
291225newsML.txt,45
292695newsML.txt,14
294544newsML.txt,45
301809newsML.txt,45
305874newsML.txt,4
309803newsML.txt,45
314006newsML.txt,14
316966newsML.txt,14
317022newsML.txt,14
321566newsML.txt,45
321597newsML.txt,45
322727newsML.txt,45
325690newsML.txt,4
32590newsML.txt,14
330994newsML.txt,14
33121newsML.txt,45
334855newsML.txt,14
336711newsML.txt,14
232106newsML.txt,4
232139newsML.txt,27
232185newsML.txt,4
232587newsML.txt,4
237920newsML.txt,21
237949newsML.txt,21
239175newsML.txt,18
239177newsML.txt,18
239190newsML.txt,18
240426newsML.txt,18
240680newsML.txt,27
241063newsML.txt,47
253043newsML.txt,27
254322newsML.txt,36
255765newsML.txt,36
255821newsML.txt,36
266476newsML.txt,4
286508newsML.txt,22
290492newsML.txt,35
297212newsML.txt,27
298705newsML.txt,4
299970newsML.txt,47
303604newsML.txt,27
303705newsML.txt,27
308096newsML.txt,45
309658newsML.txt,45
309691newsML.txt,4
31097newsML.txt,27
311197newsML.txt,45
311202newsML.txt,45
312577newsML.txt,45
313399newsML.txt,45
314446newsML.txt,4
319311newsML.txt,43
320924newsML.txt,20
322428newsML.txt,20
327640newsML.txt,4
32950newsML.txt,21
331632newsML.txt,4
331647newsML.txt,27
337133newsML.txt,21
343315newsML.txt,27
344955newsML.txt,4
347916newsML.txt,47
351972newsML.txt,18
352437newsML.txt,18
352479newsML.txt,27
355041newsML.txt,4
358016newsML.txt,4
36015newsML.txt,27
314122newsML.txt,32
316916newsML.txt,32
320619newsML.txt,4
323831newsML.txt,32
326019newsML.txt,32
328845newsML.txt,32
330573newsML.txt,32
331353newsML.txt,4
331809newsML.txt,32
333922newsML.txt,4
337716newsML.txt,32
337934newsML.txt,32
353279newsML.txt,32
356361newsML.txt,32
365349newsML.txt,4
367137newsML.txt,38
367764newsML.txt,38
374573newsML.txt,38
382287newsML.txt,4
382538newsML.txt,4
403143newsML.txt,2
404458newsML.txt,4
406430newsML.txt,2
407529newsML.txt,2
408364newsML.txt,2
408417newsML.txt,2
409470newsML.txt,2
412609newsML.txt,2
416785newsML.txt,17
418649newsML.txt,17
418918newsML.txt,2
431230newsML.txt,4
456216newsML.txt,1
457017newsML.txt,1
459981newsML.txt,1
465164newsML.txt,17
470368newsML.txt,4
482711newsML.txt,44
483679newsML.txt,44
515983newsML.txt,32
517487newsML.txt,32
517645newsML.txt,2
523278newsML.txt,2
524749newsML.txt,2
525445newsML.txt,2
535691newsML.txt,44
539148newsML.txt,32
553647newsML.txt,2
556113newsML.txt,2
561840newsML.txt,4
409078newsML.txt,29
416452newsML.txt,4
424005newsML.txt,20
425242newsML.txt,29
426619newsML.txt,42
426818newsML.txt,42
430318newsML.txt,42
431490newsML.txt,42
434737newsML.txt,42
434895newsML.txt,20
439472newsML.txt,42
444226newsML.txt,42
444478newsML.txt,42
451574newsML.txt,42
453008newsML.txt,29
459301newsML.txt,29
461020newsML.txt,29
466046newsML.txt,42
466072newsML.txt,42
466141newsML.txt,42
466152newsML.txt,42
470830newsML.txt,42
471889newsML.txt,29
478879newsML.txt,29
478956newsML.txt,29
480205newsML.txt,29
480475newsML.txt,29
480704newsML.txt,29
481554newsML.txt,29
484440newsML.txt,29
498288newsML.txt,42
501445newsML.txt,29
523200newsML.txt,29
524689newsML.txt,42
527900newsML.txt,42
527978newsML.txt,42
529679newsML.txt,42
529934newsML.txt,42
535556newsML.txt,42
535596newsML.txt,42
539068newsML.txt,20
541159newsML.txt,20
566173newsML.txt,29
572232newsML.txt,20
576026newsML.txt,42
577818newsML.txt,20
579074newsML.txt,42
579118newsML.txt,42
579138newsML.txt,42
582428newsML.txt,20
280506newsML.txt,16
282033newsML.txt,29
282596newsML.txt,16
282943newsML.txt,39
286622newsML.txt,16
289721newsML.txt,16
295075newsML.txt,16
29583newsML.txt,31
297901newsML.txt,29
297963newsML.txt,29
300593newsML.txt,16
302826newsML.txt,4
302877newsML.txt,4
307358newsML.txt,16
311848newsML.txt,24
313680newsML.txt,16
316210newsML.txt,16
316849newsML.txt,16
319987newsML.txt,16
323070newsML.txt,16
323511newsML.txt,16
329312newsML.txt,29
332361newsML.txt,16
336170newsML.txt,16
336225newsML.txt,16
336525newsML.txt,16
339247newsML.txt,16
340760newsML.txt,16
342423newsML.txt,16
348646newsML.txt,16
380091newsML.txt,4
381277newsML.txt,16
382223newsML.txt,29
382233newsML.txt,16
387985newsML.txt,33
392139newsML.txt,16
392211newsML.txt,16
394093newsML.txt,33
395461newsML.txt,16
395486newsML.txt,16
395507newsML.txt,16
395978newsML.txt,16
396702newsML.txt,33
396708newsML.txt,16
396738newsML.txt,39
399045newsML.txt,16
399060newsML.txt,39
399258newsML.txt,33
401087newsML.txt,16
404313newsML.txt,33
307647newsML.txt,8
309320newsML.txt,8
321033newsML.txt,8
337165newsML.txt,8
33960newsML.txt,8
34118newsML.txt,8
356586newsML.txt,37
359796newsML.txt,8
362276newsML.txt,4
363771newsML.txt,4
381783newsML.txt,8
386076newsML.txt,8
405241newsML.txt,8
409946newsML.txt,4
426025newsML.txt,4
43373newsML.txt,32
43378newsML.txt,32
458616newsML.txt,4
459013newsML.txt,24
459927newsML.txt,24
471524newsML.txt,4
48320newsML.txt,4
483976newsML.txt,4
48870newsML.txt,4
4951newsML.txt,4
496213newsML.txt,4
531412newsML.txt,4
534980newsML.txt,4
540018newsML.txt,4
543313newsML.txt,4
546238newsML.txt,4
55336newsML.txt,4
554418newsML.txt,4
555389newsML.txt,39
559153newsML.txt,4
562336newsML.txt,4
568902newsML.txt,39
570410newsML.txt,39
571281newsML.txt,39
574091newsML.txt,39
574092newsML.txt,39
574094newsML.txt,39
574097newsML.txt,39
578594newsML.txt,4
584216newsML.txt,4
584217newsML.txt,4
589583newsML.txt,4
597370newsML.txt,4
60232newsML.txt,4
608139newsML.txt,4
301684newsML.txt,16
301707newsML.txt,33
305714newsML.txt,4
307319newsML.txt,39
310150newsML.txt,39
310425newsML.txt,39
311877newsML.txt,39
314873newsML.txt,39
316240newsML.txt,4
333529newsML.txt,4
333545newsML.txt,49
334756newsML.txt,5
336162newsML.txt,4
339320newsML.txt,4
340691newsML.txt,4
340765newsML.txt,16
345343newsML.txt,4
348416newsML.txt,39
349275newsML.txt,39
349292newsML.txt,9
349859newsML.txt,5
358766newsML.txt,33
361969newsML.txt,9
377239newsML.txt,5
381241newsML.txt,46
381265newsML.txt,33
382170newsML.txt,33
382203newsML.txt,46
382978newsML.txt,33
384662newsML.txt,46
384664newsML.txt,46
386237newsML.txt,46
386417newsML.txt,33
387943newsML.txt,33
387947newsML.txt,33
387960newsML.txt,4
389477newsML.txt,33
389638newsML.txt,33
392186newsML.txt,33
392463newsML.txt,33
392533newsML.txt,33
394077newsML.txt,33
395468newsML.txt,33
395516newsML.txt,33
395810newsML.txt,33
396202newsML.txt,33
396203newsML.txt,33
396370newsML.txt,33
396697newsML.txt,33
396731newsML.txt,33
308071newsML.txt,6
308330newsML.txt,6
31233newsML.txt,7
31240newsML.txt,26
31422newsML.txt,7
31429newsML.txt,26
320889newsML.txt,26
320901newsML.txt,26
321155newsML.txt,26
321203newsML.txt,26
322938newsML.txt,26
346501newsML.txt,21
346547newsML.txt,6
368847newsML.txt,26
368856newsML.txt,22
369118newsML.txt,26
370111newsML.txt,22
371688newsML.txt,26
371984newsML.txt,26
375073newsML.txt,26
377995newsML.txt,26
40994newsML.txt,6
42676newsML.txt,4
446351newsML.txt,3
446630newsML.txt,3
452582newsML.txt,22
455793newsML.txt,26
45921newsML.txt,6
462517newsML.txt,26
464488newsML.txt,26
465505newsML.txt,7
467480newsML.txt,7
471677newsML.txt,6
474165newsML.txt,6
481273newsML.txt,22
48998newsML.txt,26
49058newsML.txt,26
493334newsML.txt,26
494486newsML.txt,26
495089newsML.txt,26
495103newsML.txt,26
505962newsML.txt,22
508615newsML.txt,26
511360newsML.txt,26
512860newsML.txt,6
519868newsML.txt,6
520213newsML.txt,6
52562newsML.txt,7
538636newsML.txt,26
5455newsML.txt,6
217251newsML.txt,31
217288newsML.txt,31
220108newsML.txt,31
220114newsML.txt,31
221614newsML.txt,31
222794newsML.txt,31
228366newsML.txt,31
231094newsML.txt,31
231095newsML.txt,31
232779newsML.txt,31
234043newsML.txt,31
234051newsML.txt,31
234052newsML.txt,31
234053newsML.txt,31
236935newsML.txt,31
236941newsML.txt,31
239869newsML.txt,31
239874newsML.txt,31
246275newsML.txt,31
252104newsML.txt,31
252113newsML.txt,31
252143newsML.txt,31
258609newsML.txt,31
258624newsML.txt,31
261243newsML.txt,31
264073newsML.txt,31
264074newsML.txt,31
267064newsML.txt,31
275058newsML.txt,31
275557newsML.txt,31
281175newsML.txt,31
285614newsML.txt,31
285618newsML.txt,31
290907newsML.txt,31
293575newsML.txt,31
295053newsML.txt,31
29568newsML.txt,31
296039newsML.txt,31
310330newsML.txt,31
311799newsML.txt,31
318676newsML.txt,31
318685newsML.txt,31
318702newsML.txt,31
31905newsML.txt,31
319982newsML.txt,31
320014newsML.txt,31
323064newsML.txt,31
327974newsML.txt,31
330703newsML.txt,31
330707newsML.txt,31
379335newsML.txt,27
379346newsML.txt,27
379899newsML.txt,47
384184newsML.txt,4
385449newsML.txt,27
385567newsML.txt,4
385962newsML.txt,27
387359newsML.txt,27
388736newsML.txt,23
388829newsML.txt,23
397370newsML.txt,23
398774newsML.txt,23
400547newsML.txt,28
402056newsML.txt,28
402351newsML.txt,28
405061newsML.txt,27
405201newsML.txt,24
408154newsML.txt,23
408807newsML.txt,23
411346newsML.txt,24
413315newsML.txt,28
413327newsML.txt,28
414162newsML.txt,24
414230newsML.txt,24
415570newsML.txt,23
415575newsML.txt,24
416007newsML.txt,24
417119newsML.txt,23
418695newsML.txt,23
419241newsML.txt,23
424479newsML.txt,24
427200newsML.txt,4
434168newsML.txt,28
437354newsML.txt,4
440510newsML.txt,28
443467newsML.txt,36
450830newsML.txt,28
455552newsML.txt,10
456850newsML.txt,10
457123newsML.txt,23
466955newsML.txt,23
467057newsML.txt,23
467483newsML.txt,23
467485newsML.txt,23
46943newsML.txt,27
47681newsML.txt,4
479838newsML.txt,24
480979newsML.txt,24
482563newsML.txt,29
48759newsML.txt,27
282855newsML.txt,3
282901newsML.txt,3
28628newsML.txt,48
29212newsML.txt,48
298942newsML.txt,4
318112newsML.txt,4
320888newsML.txt,7
321184newsML.txt,7
327808newsML.txt,6
34363newsML.txt,6
349256newsML.txt,26
350526newsML.txt,4
352438newsML.txt,4
353739newsML.txt,4
356689newsML.txt,4
356695newsML.txt,26
359937newsML.txt,26
371679newsML.txt,6
372062newsML.txt,6
39111newsML.txt,48
39590newsML.txt,48
400681newsML.txt,4
40487newsML.txt,48
410207newsML.txt,26
420831newsML.txt,3
423709newsML.txt,7
429099newsML.txt,26
432537newsML.txt,6
432870newsML.txt,26
434117newsML.txt,6
435563newsML.txt,26
446364newsML.txt,26
448230newsML.txt,26
455483newsML.txt,6
465483newsML.txt,26
465748newsML.txt,3
465766newsML.txt,26
468615newsML.txt,26
468657newsML.txt,26
471617newsML.txt,6
483777newsML.txt,26
499321newsML.txt,7
505949newsML.txt,6
505971newsML.txt,7
508613newsML.txt,6
511361newsML.txt,6
5490newsML.txt,6
57963newsML.txt,7
59545newsML.txt,7
597129newsML.txt,3
340123newsML.txt,35
34018newsML.txt,4
343329newsML.txt,4
355006newsML.txt,4
355033newsML.txt,4
361293newsML.txt,4
361756newsML.txt,4
366441newsML.txt,4
367612newsML.txt,4
368006newsML.txt,22
370354newsML.txt,21
370377newsML.txt,21
376476newsML.txt,4
376944newsML.txt,4
384134newsML.txt,27
385477newsML.txt,4
385554newsML.txt,4
388783newsML.txt,27
388849newsML.txt,4
389317newsML.txt,4
423377newsML.txt,27
423431newsML.txt,27
424453newsML.txt,27
424944newsML.txt,27
42567newsML.txt,27
431136newsML.txt,27
432614newsML.txt,27
43276newsML.txt,27
434190newsML.txt,27
437351newsML.txt,27
437646newsML.txt,27
440528newsML.txt,27
441196newsML.txt,47
442064newsML.txt,4
448279newsML.txt,4
457779newsML.txt,47
458550newsML.txt,27
462591newsML.txt,4
467535newsML.txt,4
468724newsML.txt,4
468752newsML.txt,4
47041newsML.txt,27
491803newsML.txt,4
496120newsML.txt,4
500813newsML.txt,27
502072newsML.txt,4
50395newsML.txt,4
50443newsML.txt,4
510819newsML.txt,47
514507newsML.txt,4
22418newsML.txt,35
225498newsML.txt,36
225506newsML.txt,36
232077newsML.txt,27
234890newsML.txt,27
237984newsML.txt,21
239216newsML.txt,36
240421newsML.txt,36
245684newsML.txt,36
247051newsML.txt,36
247105newsML.txt,27
251605newsML.txt,36
253042newsML.txt,36
253045newsML.txt,27
253541newsML.txt,27
254373newsML.txt,36
265098newsML.txt,36
267986newsML.txt,35
269138newsML.txt,36
270615newsML.txt,36
271584newsML.txt,36
271591newsML.txt,36
272699newsML.txt,36
272700newsML.txt,36
272702newsML.txt,36
273505newsML.txt,36
273645newsML.txt,36
274522newsML.txt,36
274523newsML.txt,36
274527newsML.txt,36
293036newsML.txt,35
294332newsML.txt,35
294369newsML.txt,35
295505newsML.txt,35
298646newsML.txt,20
298701newsML.txt,36
303681newsML.txt,21
314427newsML.txt,35
322657newsML.txt,35
327630newsML.txt,27
329897newsML.txt,35
331633newsML.txt,35
335563newsML.txt,35
34069newsML.txt,35
347890newsML.txt,27
36050newsML.txt,27
364046newsML.txt,35
364608newsML.txt,35
376127newsML.txt,24
376408newsML.txt,24
353898newsML.txt,4
356919newsML.txt,4
356975newsML.txt,4
360131newsML.txt,4
365244newsML.txt,4
365661newsML.txt,4
366764newsML.txt,4
366798newsML.txt,4
369308newsML.txt,4
369311newsML.txt,4
369313newsML.txt,4
369380newsML.txt,4
369381newsML.txt,4
369393newsML.txt,4
37153newsML.txt,4
371633newsML.txt,4
375263newsML.txt,4
375349newsML.txt,4
390909newsML.txt,30
390910newsML.txt,30
400945newsML.txt,4
404210newsML.txt,4
407270newsML.txt,4
420901newsML.txt,4
430188newsML.txt,4
436179newsML.txt,4
439335newsML.txt,4
469159newsML.txt,4
471829newsML.txt,4
471835newsML.txt,4
474266newsML.txt,4
476648newsML.txt,4
478706newsML.txt,4
478806newsML.txt,30
481304newsML.txt,4
484332newsML.txt,4
487341newsML.txt,4
487412newsML.txt,4
489235newsML.txt,4
49165newsML.txt,4
550188newsML.txt,12
55598newsML.txt,4
575779newsML.txt,30
58126newsML.txt,30
582258newsML.txt,12
597675newsML.txt,4
608925newsML.txt,30
61166newsML.txt,4
619906newsML.txt,4
656179newsML.txt,4
289105newsML.txt,4
29059newsML.txt,27
293079newsML.txt,43
294805newsML.txt,43
30089newsML.txt,4
302342newsML.txt,25
311198newsML.txt,27
325807newsML.txt,4
338616newsML.txt,25
341733newsML.txt,27
343303newsML.txt,27
346046newsML.txt,43
346245newsML.txt,35
347893newsML.txt,43
357973newsML.txt,43
373240newsML.txt,35
373246newsML.txt,35
373778newsML.txt,35
385959newsML.txt,43
391829newsML.txt,27
391836newsML.txt,27
393344newsML.txt,43
397336newsML.txt,4
399863newsML.txt,4
401970newsML.txt,27
405071newsML.txt,43
406833newsML.txt,43
408184newsML.txt,43
411267newsML.txt,27
434470newsML.txt,27
437641newsML.txt,27
437680newsML.txt,27
438320newsML.txt,27
440457newsML.txt,27
440560newsML.txt,4
443473newsML.txt,27
444817newsML.txt,27
447694newsML.txt,43
447848newsML.txt,4
448891newsML.txt,43
450915newsML.txt,27
462593newsML.txt,4
465117newsML.txt,43
47025newsML.txt,27
47027newsML.txt,27
477570newsML.txt,43
482791newsML.txt,4
48329newsML.txt,27
48360newsML.txt,27
490280newsML.txt,4
330570newsML.txt,32
331542newsML.txt,32
336783newsML.txt,32
339838newsML.txt,4
342913newsML.txt,4
343125newsML.txt,32
346886newsML.txt,4
348184newsML.txt,4
350314newsML.txt,32
354287newsML.txt,32
359372newsML.txt,4
366022newsML.txt,4
366914newsML.txt,4
368499newsML.txt,32
370086newsML.txt,32
371262newsML.txt,4
372992newsML.txt,4
375707newsML.txt,4
376239newsML.txt,32
384867newsML.txt,4
386939newsML.txt,4
388064newsML.txt,4
388065newsML.txt,4
388111newsML.txt,4
388676newsML.txt,4
388932newsML.txt,4
404470newsML.txt,4
413811newsML.txt,4
413889newsML.txt,4
414893newsML.txt,4
416801newsML.txt,4
420206newsML.txt,4
420297newsML.txt,35
428233newsML.txt,4
43238newsML.txt,4
435234newsML.txt,21
435431newsML.txt,4
439578newsML.txt,4
446011newsML.txt,4
44733newsML.txt,4
45488newsML.txt,4
466424newsML.txt,4
469562newsML.txt,4
472048newsML.txt,32
472238newsML.txt,32
472386newsML.txt,4
472488newsML.txt,32
473276newsML.txt,32
47472newsML.txt,4
477961newsML.txt,32
304260newsML.txt,34
304272newsML.txt,34
304275newsML.txt,4
31244newsML.txt,4
313525newsML.txt,4
313543newsML.txt,24
34544newsML.txt,4
34572newsML.txt,4
34580newsML.txt,4
361836newsML.txt,34
365713newsML.txt,34
36582newsML.txt,4
36584newsML.txt,4
369421newsML.txt,34
373905newsML.txt,34
373912newsML.txt,4
373931newsML.txt,34
373952newsML.txt,34
382156newsML.txt,4
386125newsML.txt,4
38618newsML.txt,4
38625newsML.txt,4
389342newsML.txt,4
392062newsML.txt,4
392090newsML.txt,4
40200newsML.txt,34
402400newsML.txt,34
402410newsML.txt,34
408899newsML.txt,4
416113newsML.txt,4
416138newsML.txt,4
419311newsML.txt,4
422170newsML.txt,4
422172newsML.txt,34
422211newsML.txt,4
425090newsML.txt,4
426474newsML.txt,4
426489newsML.txt,4
428363newsML.txt,4
431629newsML.txt,4
434637newsML.txt,35
437822newsML.txt,35
441280newsML.txt,4
441794newsML.txt,4
446953newsML.txt,24
448400newsML.txt,34
4547newsML.txt,4
469950newsML.txt,4
470788newsML.txt,4
473549newsML.txt,4
434169newsML.txt,27
435736newsML.txt,1
440494newsML.txt,1
440555newsML.txt,4
441267newsML.txt,44
446400newsML.txt,43
448880newsML.txt,43
449476newsML.txt,21
452353newsML.txt,44
452376newsML.txt,1
452436newsML.txt,1
455600newsML.txt,44
462574newsML.txt,1
464080newsML.txt,1
471462newsML.txt,4
481035newsML.txt,44
486822newsML.txt,4
488570newsML.txt,2
507231newsML.txt,44
507439newsML.txt,44
507486newsML.txt,44
508679newsML.txt,44
519957newsML.txt,44
526724newsML.txt,44
538495newsML.txt,1
543061newsML.txt,1
543151newsML.txt,1
547737newsML.txt,35
549729newsML.txt,35
570782newsML.txt,30
573465newsML.txt,44
583518newsML.txt,1
584224newsML.txt,1
585620newsML.txt,44
587325newsML.txt,44
600531newsML.txt,27
606332newsML.txt,1
633102newsML.txt,27
643869newsML.txt,49
662999newsML.txt,4
6665newsML.txt,27
672244newsML.txt,4
676831newsML.txt,47
679521newsML.txt,43
679581newsML.txt,41
681011newsML.txt,43
683946newsML.txt,43
684043newsML.txt,27
685395newsML.txt,43
686969newsML.txt,27
332794newsML.txt,32
333636newsML.txt,32
340931newsML.txt,4
347274newsML.txt,19
349979newsML.txt,19
354282newsML.txt,19
357220newsML.txt,19
357728newsML.txt,19
357767newsML.txt,19
359178newsML.txt,19
364308newsML.txt,19
366916newsML.txt,2
367345newsML.txt,2
369687newsML.txt,4
396513newsML.txt,4
404573newsML.txt,4
413844newsML.txt,4
415396newsML.txt,4
436678newsML.txt,19
440833newsML.txt,19
442588newsML.txt,19
445118newsML.txt,19
460088newsML.txt,2
467261newsML.txt,4
469438newsML.txt,4
469597newsML.txt,35
472722newsML.txt,19
474506newsML.txt,19
479078newsML.txt,35
482048newsML.txt,4
484584newsML.txt,19
491080newsML.txt,4
491651newsML.txt,4
494531newsML.txt,32
500025newsML.txt,19
506693newsML.txt,32
515693newsML.txt,19
519412newsML.txt,19
519442newsML.txt,4
542251newsML.txt,32
559907newsML.txt,4
560190newsML.txt,4
572318newsML.txt,4
576094newsML.txt,38
578017newsML.txt,19
579258newsML.txt,19
579869newsML.txt,19
579892newsML.txt,19
585073newsML.txt,35
586446newsML.txt,35
368984newsML.txt,37
368987newsML.txt,35
371837newsML.txt,37
371844newsML.txt,35
377881newsML.txt,37
379934newsML.txt,37
381781newsML.txt,37
384226newsML.txt,37
387432newsML.txt,37
390618newsML.txt,37
397422newsML.txt,37
406179newsML.txt,37
406245newsML.txt,4
408852newsML.txt,37
409936newsML.txt,37
409941newsML.txt,35
411919newsML.txt,37
411926newsML.txt,35
416661newsML.txt,4
417179newsML.txt,38
419898newsML.txt,4
423498newsML.txt,4
426019newsML.txt,4
426115newsML.txt,4
432677newsML.txt,4
438922newsML.txt,35
440413newsML.txt,35
449523newsML.txt,37
45801newsML.txt,4
458593newsML.txt,37
462651newsML.txt,37
465637newsML.txt,37
468774newsML.txt,37
471500newsML.txt,8
503342newsML.txt,37
505819newsML.txt,37
508764newsML.txt,37
51422newsML.txt,4
516745newsML.txt,37
518896newsML.txt,37
520056newsML.txt,37
524134newsML.txt,37
524138newsML.txt,35
543300newsML.txt,37
543308newsML.txt,35
546231newsML.txt,37
549842newsML.txt,37
553290newsML.txt,37
555375newsML.txt,37
555388newsML.txt,35
29644newsML.txt,13
30150newsML.txt,13
30159newsML.txt,13
308675newsML.txt,13
326546newsML.txt,13
329320newsML.txt,13
329704newsML.txt,13
334764newsML.txt,13
336018newsML.txt,13
342460newsML.txt,13
34681newsML.txt,13
34786newsML.txt,13
351174newsML.txt,13
358776newsML.txt,13
358806newsML.txt,13
368201newsML.txt,13
374038newsML.txt,13
383194newsML.txt,13
392189newsML.txt,13
392383newsML.txt,33
394081newsML.txt,16
394110newsML.txt,33
396710newsML.txt,33
397899newsML.txt,13
399130newsML.txt,13
399373newsML.txt,4
399889newsML.txt,13
402635newsML.txt,33
409029newsML.txt,13
413503newsML.txt,6
422342newsML.txt,13
42284newsML.txt,13
426695newsML.txt,13
426864newsML.txt,13
431701newsML.txt,13
431745newsML.txt,13
434690newsML.txt,13
437962newsML.txt,13
441368newsML.txt,13
444232newsML.txt,16
448512newsML.txt,13
451502newsML.txt,13
4587newsML.txt,13
461113newsML.txt,4
46320newsML.txt,13
467877newsML.txt,13
4680newsML.txt,13
470975newsML.txt,45
474810newsML.txt,39
480355newsML.txt,13
334440newsML.txt,4
337350newsML.txt,22
340421newsML.txt,22
347842newsML.txt,4
353699newsML.txt,22
360041newsML.txt,4
37045newsML.txt,13
37073newsML.txt,22
390774newsML.txt,4
397543newsML.txt,22
404096newsML.txt,22
407094newsML.txt,4
420768newsML.txt,4
432812newsML.txt,4
43494newsML.txt,37
442294newsML.txt,21
452595newsML.txt,22
465761newsML.txt,22
465820newsML.txt,22
481244newsML.txt,22
48188newsML.txt,4
490772newsML.txt,22
499374newsML.txt,22
511387newsML.txt,22
516888newsML.txt,4
52569newsML.txt,13
55464newsML.txt,4
55512newsML.txt,13
56273newsML.txt,4
565907newsML.txt,4
597530newsML.txt,13
601534newsML.txt,13
613563newsML.txt,4
619783newsML.txt,22
636379newsML.txt,22
636476newsML.txt,22
63900newsML.txt,22
639556newsML.txt,4
639638newsML.txt,22
642734newsML.txt,13
663160newsML.txt,22
66810newsML.txt,22
669237newsML.txt,22
671745newsML.txt,22
672497newsML.txt,4
672575newsML.txt,4
675753newsML.txt,4
679778newsML.txt,21
685679newsML.txt,22
692007newsML.txt,22
234470newsML.txt,40
234475newsML.txt,40
234581newsML.txt,40
235208newsML.txt,40
235357newsML.txt,40
235436newsML.txt,40
237515newsML.txt,4
238398newsML.txt,4
240216newsML.txt,40
240436newsML.txt,40
240939newsML.txt,40
240941newsML.txt,40
249680newsML.txt,22
253288newsML.txt,18
259817newsML.txt,22
262590newsML.txt,40
265353newsML.txt,4
268216newsML.txt,4
268269newsML.txt,4
268454newsML.txt,17
270846newsML.txt,22
271811newsML.txt,40
271812newsML.txt,4
275298newsML.txt,18
303194newsML.txt,22
303920newsML.txt,22
306113newsML.txt,4
306932newsML.txt,4
309164newsML.txt,40
312308newsML.txt,18
313235newsML.txt,18
319004newsML.txt,18
325089newsML.txt,32
326084newsML.txt,32
326839newsML.txt,32
329000newsML.txt,18
338982newsML.txt,4
341142newsML.txt,22
342055newsML.txt,22
344888newsML.txt,4
345720newsML.txt,4
348314newsML.txt,40
348315newsML.txt,40
351515newsML.txt,18
351579newsML.txt,40
351745newsML.txt,40
351919newsML.txt,18
352335newsML.txt,40
352449newsML.txt,18
358545newsML.txt,38
408940newsML.txt,4
416112newsML.txt,4
419374newsML.txt,4
422190newsML.txt,4
422261newsML.txt,4
425083newsML.txt,4
425125newsML.txt,4
426467newsML.txt,4
434629newsML.txt,24
441274newsML.txt,35
441325newsML.txt,35
454389newsML.txt,21
454600newsML.txt,21
454625newsML.txt,21
464652newsML.txt,21
50901newsML.txt,4
526254newsML.txt,4
526270newsML.txt,4
52751newsML.txt,4
529811newsML.txt,21
529855newsML.txt,21
530353newsML.txt,21
533595newsML.txt,4
548664newsML.txt,4
548680newsML.txt,4
552232newsML.txt,4
564452newsML.txt,45
564489newsML.txt,45
567757newsML.txt,4
567780newsML.txt,4
57028newsML.txt,5
570837newsML.txt,35
575912newsML.txt,21
580795newsML.txt,4
580804newsML.txt,24
586226newsML.txt,24
588023newsML.txt,24
591708newsML.txt,20
593408newsML.txt,20
596003newsML.txt,20
596038newsML.txt,20
596049newsML.txt,20
599480newsML.txt,20
600640newsML.txt,4
603160newsML.txt,21
61265newsML.txt,4
62730newsML.txt,4
627801newsML.txt,24
64099newsML.txt,4
641597newsML.txt,4
321580newsML.txt,31
322123newsML.txt,31
322145newsML.txt,31
322722newsML.txt,31
324868newsML.txt,32
328590newsML.txt,32
33775newsML.txt,31
337850newsML.txt,26
347170newsML.txt,35
35113newsML.txt,31
354157newsML.txt,32
354194newsML.txt,19
373171newsML.txt,38
390085newsML.txt,4
396291newsML.txt,38
408450newsML.txt,38
414923newsML.txt,38
427444newsML.txt,4
4289newsML.txt,38
433316newsML.txt,31
43919newsML.txt,4
44606newsML.txt,4
453195newsML.txt,26
45496newsML.txt,4
460399newsML.txt,32
463526newsML.txt,38
465191newsML.txt,4
46611newsML.txt,32
482117newsML.txt,38
48412newsML.txt,35
484575newsML.txt,4
491129newsML.txt,4
491145newsML.txt,38
493869newsML.txt,38
494876newsML.txt,38
502633newsML.txt,26
502931newsML.txt,26
513686newsML.txt,38
515844newsML.txt,38
517388newsML.txt,38
517405newsML.txt,38
520564newsML.txt,38
521102newsML.txt,38
521317newsML.txt,38
54256newsML.txt,38
544848newsML.txt,26
544872newsML.txt,26
546928newsML.txt,26
54817newsML.txt,4
56742newsML.txt,38
362892newsML.txt,22
365213newsML.txt,12
366525newsML.txt,12
369043newsML.txt,12
375057newsML.txt,4
377937newsML.txt,12
381802newsML.txt,12
381833newsML.txt,12
403844newsML.txt,12
403861newsML.txt,12
406980newsML.txt,12
417209newsML.txt,12
429044newsML.txt,12
429054newsML.txt,4
429060newsML.txt,4
429932newsML.txt,12
432733newsML.txt,12
435827newsML.txt,12
455687newsML.txt,12
458645newsML.txt,12
462692newsML.txt,12
471546newsML.txt,4
471573newsML.txt,12
487152newsML.txt,12
48925newsML.txt,12
490605newsML.txt,12
496232newsML.txt,4
499240newsML.txt,4
502183newsML.txt,12
512807newsML.txt,12
520069newsML.txt,12
524177newsML.txt,12
52449newsML.txt,12
527488newsML.txt,12
535007newsML.txt,12
543329newsML.txt,12
549927newsML.txt,12
549929newsML.txt,12
553338newsML.txt,12
562380newsML.txt,12
568925newsML.txt,4
568933newsML.txt,4
578630newsML.txt,12
581945newsML.txt,12
585792newsML.txt,12
585799newsML.txt,12
649330newsML.txt,12
655872newsML.txt,12
658870newsML.txt,12
658873newsML.txt,12
42763newsML.txt,4
430465newsML.txt,41
430536newsML.txt,41
436431newsML.txt,4
436742newsML.txt,4
445797newsML.txt,4
449088newsML.txt,41
450775newsML.txt,41
453294newsML.txt,4
459052newsML.txt,41
459205newsML.txt,41
462265newsML.txt,41
462353newsML.txt,41
469650newsML.txt,41
48231newsML.txt,34
486895newsML.txt,4
486930newsML.txt,4
489381newsML.txt,4
491126newsML.txt,41
49586newsML.txt,34
497480newsML.txt,4
506971newsML.txt,41
517601newsML.txt,41
520670newsML.txt,41
520672newsML.txt,41
526998newsML.txt,41
528203newsML.txt,41
528737newsML.txt,41
530677newsML.txt,20
532335newsML.txt,20
534092newsML.txt,41
534156newsML.txt,41
534165newsML.txt,41
536857newsML.txt,20
540454newsML.txt,41
542510newsML.txt,35
582683newsML.txt,4
583420newsML.txt,45
600966newsML.txt,4
609390newsML.txt,41
609836newsML.txt,41
616986newsML.txt,41
622688newsML.txt,41
625493newsML.txt,41
627633newsML.txt,41
633922newsML.txt,41
634005newsML.txt,41
637058newsML.txt,41
638970newsML.txt,41
645726newsML.txt,41
229833newsML.txt,39
24252newsML.txt,4
25426newsML.txt,13
257503newsML.txt,39
262723newsML.txt,39
262730newsML.txt,39
26391newsML.txt,39
26392newsML.txt,4
264047newsML.txt,0
264050newsML.txt,0
26408newsML.txt,4
265806newsML.txt,4
266980newsML.txt,4
268619newsML.txt,0
275638newsML.txt,4
276105newsML.txt,4
276760newsML.txt,39
277881newsML.txt,4
281041newsML.txt,6
281124newsML.txt,6
281146newsML.txt,4
284771newsML.txt,39
288585newsML.txt,13
290951newsML.txt,38
293598newsML.txt,4
29518newsML.txt,49
296014newsML.txt,39
29645newsML.txt,39
297664newsML.txt,39
301677newsML.txt,39
317468newsML.txt,24
324666newsML.txt,31
339187newsML.txt,39
339199newsML.txt,39
340723newsML.txt,33
342400newsML.txt,39
343859newsML.txt,39
345218newsML.txt,39
345246newsML.txt,39
345300newsML.txt,39
345444newsML.txt,39
347084newsML.txt,9
34733newsML.txt,39
34792newsML.txt,39
349836newsML.txt,39
349837newsML.txt,39
349840newsML.txt,39
349895newsML.txt,39
357077newsML.txt,39
362034newsML.txt,39
196611newsML.txt,2
200027newsML.txt,44
204126newsML.txt,44
205508newsML.txt,2
206917newsML.txt,44
206941newsML.txt,2
207281newsML.txt,2
216492newsML.txt,1
220172newsML.txt,2
220671newsML.txt,2
233169newsML.txt,2
237046newsML.txt,4
237257newsML.txt,4
23797newsML.txt,4
26653newsML.txt,2
273191newsML.txt,2
285397newsML.txt,4
285650newsML.txt,4
287937newsML.txt,2
288632newsML.txt,2
293763newsML.txt,2
293819newsML.txt,2
296245newsML.txt,2
303480newsML.txt,4
305972newsML.txt,2
307890newsML.txt,2
308915newsML.txt,2
314089newsML.txt,1
317775newsML.txt,2
321575newsML.txt,2
321601newsML.txt,32
321644newsML.txt,2
321782newsML.txt,2
322765newsML.txt,2
323764newsML.txt,2
323846newsML.txt,32
324720newsML.txt,2
328329newsML.txt,2
331530newsML.txt,32
333836newsML.txt,2
337773newsML.txt,2
337977newsML.txt,2
340857newsML.txt,2
340917newsML.txt,32
35227newsML.txt,4
353163newsML.txt,4
354412newsML.txt,32
35997newsML.txt,4
360350newsML.txt,2
3665newsML.txt,2
2911newsML.txt,4
293689newsML.txt,32
294155newsML.txt,32
29747newsML.txt,4
302920newsML.txt,10
303107newsML.txt,32
303415newsML.txt,10
314014newsML.txt,35
32110newsML.txt,32
331817newsML.txt,35
334989newsML.txt,32
335312newsML.txt,32
33704newsML.txt,32
343984newsML.txt,32
347178newsML.txt,32
35005newsML.txt,32
350167newsML.txt,35
351736newsML.txt,35
357162newsML.txt,4
357273newsML.txt,32
360832newsML.txt,32
363833newsML.txt,32
384813newsML.txt,4
384968newsML.txt,4
384992newsML.txt,4
386926newsML.txt,4
386989newsML.txt,32
388290newsML.txt,32
388381newsML.txt,4
388386newsML.txt,4
390115newsML.txt,32
391260newsML.txt,4
391445newsML.txt,32
391498newsML.txt,4
397964newsML.txt,20
398230newsML.txt,20
404398newsML.txt,35
404426newsML.txt,4
404982newsML.txt,35
404985newsML.txt,35
407636newsML.txt,35
413779newsML.txt,4
415401newsML.txt,4
429308newsML.txt,35
43225newsML.txt,4
433550newsML.txt,4
436695newsML.txt,32
450332newsML.txt,4
456459newsML.txt,32
466395newsML.txt,4
307401newsML.txt,49
316341newsML.txt,49
31899newsML.txt,0
320020newsML.txt,0
320182newsML.txt,0
326472newsML.txt,0
326618newsML.txt,0
332506newsML.txt,0
33468newsML.txt,0
334765newsML.txt,49
368184newsML.txt,49
370981newsML.txt,49
371028newsML.txt,49
37228newsML.txt,49
375444newsML.txt,0
377142newsML.txt,0
380077newsML.txt,0
397843newsML.txt,0
399135newsML.txt,0
402503newsML.txt,33
405550newsML.txt,49
412192newsML.txt,5
419552newsML.txt,0
421042newsML.txt,0
425344newsML.txt,0
426647newsML.txt,49
42702newsML.txt,0
434776newsML.txt,0
434825newsML.txt,49
436325newsML.txt,49
439426newsML.txt,49
454863newsML.txt,0
467908newsML.txt,49
4733newsML.txt,0
487511newsML.txt,49
491001newsML.txt,49
493759newsML.txt,39
499760newsML.txt,0
509680newsML.txt,49
515230newsML.txt,0
517231newsML.txt,0
519044newsML.txt,0
523180newsML.txt,49
528054newsML.txt,4
52952newsML.txt,49
531911newsML.txt,0
532042newsML.txt,0
546706newsML.txt,0
548809newsML.txt,0
552343newsML.txt,0
38425newsML.txt,43
393138newsML.txt,40
398321newsML.txt,4
399650newsML.txt,4
40130newsML.txt,43
402225newsML.txt,35
411785newsML.txt,4
415783newsML.txt,18
415824newsML.txt,18
415971newsML.txt,18
41993newsML.txt,43
421261newsML.txt,40
421288newsML.txt,40
421396newsML.txt,40
421928newsML.txt,40
433717newsML.txt,40
434453newsML.txt,40
434457newsML.txt,40
436830newsML.txt,40
436852newsML.txt,40
437644newsML.txt,40
443058newsML.txt,26
459680newsML.txt,31
459782newsML.txt,31
467398newsML.txt,1
467503newsML.txt,1
472587newsML.txt,40
474439newsML.txt,18
483067newsML.txt,1
484844newsML.txt,43
488007newsML.txt,40
488344newsML.txt,40
488345newsML.txt,40
491439newsML.txt,40
492073newsML.txt,18
497989newsML.txt,31
500211newsML.txt,1
500339newsML.txt,1
501165newsML.txt,1
503110newsML.txt,1
503846newsML.txt,1
536162newsML.txt,43
541712newsML.txt,31
544685newsML.txt,4
549106newsML.txt,31
552026newsML.txt,4
558908newsML.txt,40
566723newsML.txt,40
576483newsML.txt,40
584112newsML.txt,35
264346newsML.txt,26
264784newsML.txt,26
267130newsML.txt,11
267356newsML.txt,11
267467newsML.txt,11
268178newsML.txt,11
269611newsML.txt,11
269930newsML.txt,11
270064newsML.txt,11
270336newsML.txt,11
271767newsML.txt,11
273201newsML.txt,11
275170newsML.txt,4
27552newsML.txt,24
284041newsML.txt,4
284177newsML.txt,4
292911newsML.txt,4
293670newsML.txt,26
302146newsML.txt,4
302939newsML.txt,4
303411newsML.txt,11
304717newsML.txt,11
304845newsML.txt,11
305978newsML.txt,11
306379newsML.txt,11
315690newsML.txt,4
317780newsML.txt,11
32220newsML.txt,4
324820newsML.txt,4
324849newsML.txt,4
337819newsML.txt,25
338537newsML.txt,11
338553newsML.txt,25
341018newsML.txt,11
344040newsML.txt,25
344160newsML.txt,4
347154newsML.txt,11
347781newsML.txt,25
350225newsML.txt,25
351734newsML.txt,25
352207newsML.txt,25
363245newsML.txt,35
363336newsML.txt,35
363477newsML.txt,35
372407newsML.txt,25
372617newsML.txt,25
37351newsML.txt,4
375604newsML.txt,25
375629newsML.txt,25
38072newsML.txt,4
401956newsML.txt,15
407691newsML.txt,4
410545newsML.txt,15
410589newsML.txt,15
414778newsML.txt,15
414931newsML.txt,15
424057newsML.txt,41
436687newsML.txt,15
445923newsML.txt,15
456348newsML.txt,15
457388newsML.txt,30
465251newsML.txt,15
466793newsML.txt,15
469375newsML.txt,4
476208newsML.txt,15
476880newsML.txt,4
477233newsML.txt,15
479548newsML.txt,15
479555newsML.txt,15
482195newsML.txt,15
48333newsML.txt,34
484774newsML.txt,15
487584newsML.txt,4
494016newsML.txt,15
495765newsML.txt,34
497452newsML.txt,34
509860newsML.txt,15
514348newsML.txt,15
523301newsML.txt,15
539267newsML.txt,15
547053newsML.txt,15
547116newsML.txt,15
550571newsML.txt,15
551224newsML.txt,15
553674newsML.txt,15
563163newsML.txt,15
566304newsML.txt,15
566978newsML.txt,15
582835newsML.txt,4
585032newsML.txt,4
586642newsML.txt,4
594966newsML.txt,39
599059newsML.txt,39
600430newsML.txt,39
605579newsML.txt,30
613934newsML.txt,15
616816newsML.txt,15
617809newsML.txt,15
629071newsML.txt,2
631746newsML.txt,2
317690newsML.txt,38
318846newsML.txt,4
328823newsML.txt,38
330838newsML.txt,30
333634newsML.txt,38
33692newsML.txt,4
357910newsML.txt,32
373188newsML.txt,4
374379newsML.txt,4
376599newsML.txt,38
392661newsML.txt,32
39437newsML.txt,4
398046newsML.txt,38
409512newsML.txt,38
417863newsML.txt,38
424095newsML.txt,38
429028newsML.txt,4
431299newsML.txt,38
432444newsML.txt,4
434351newsML.txt,4
437596newsML.txt,4
437625newsML.txt,38
43927newsML.txt,38
445921newsML.txt,4
449017newsML.txt,38
450789newsML.txt,38
457404newsML.txt,38
463536newsML.txt,17
480032newsML.txt,38
481676newsML.txt,38
482988newsML.txt,38
502726newsML.txt,32
503492newsML.txt,19
503493newsML.txt,32
503783newsML.txt,19
506467newsML.txt,4
5163newsML.txt,38
518462newsML.txt,4
5229newsML.txt,38
523317newsML.txt,2
532287newsML.txt,4
532788newsML.txt,4
536837newsML.txt,4
537137newsML.txt,38
537165newsML.txt,38
54325newsML.txt,38
54326newsML.txt,4
544003newsML.txt,4
54813newsML.txt,4
549215newsML.txt,38
437679newsML.txt,49
454759newsML.txt,49
458317newsML.txt,49
462381newsML.txt,37
46285newsML.txt,49
469241newsML.txt,4
473630newsML.txt,39
502600newsML.txt,49
505328newsML.txt,0
515261newsML.txt,49
517277newsML.txt,49
527929newsML.txt,49
531965newsML.txt,49
537743newsML.txt,49
558552newsML.txt,10
558570newsML.txt,49
566105newsML.txt,0
570947newsML.txt,49
574749newsML.txt,4
577821newsML.txt,4
582477newsML.txt,0
584765newsML.txt,49
586284newsML.txt,49
600643newsML.txt,49
600690newsML.txt,49
603918newsML.txt,0
612893newsML.txt,4
612908newsML.txt,49
613786newsML.txt,31
618625newsML.txt,31
622023newsML.txt,4
632242newsML.txt,4
635465newsML.txt,0
638538newsML.txt,0
639874newsML.txt,49
644523newsML.txt,49
655009newsML.txt,49
662306newsML.txt,4
663384newsML.txt,0
663431newsML.txt,0
668406newsML.txt,0
670029newsML.txt,0
677538newsML.txt,49
678323newsML.txt,39
678904newsML.txt,49
680112newsML.txt,49
681766newsML.txt,49
684772newsML.txt,49
687824newsML.txt,49
687921newsML.txt,49
348602newsML.txt,0
348803newsML.txt,0
348868newsML.txt,13
349276newsML.txt,0
349280newsML.txt,39
349288newsML.txt,0
349325newsML.txt,39
351123newsML.txt,39
351175newsML.txt,39
362017newsML.txt,4
366880newsML.txt,5
366882newsML.txt,5
373999newsML.txt,5
375417newsML.txt,46
377104newsML.txt,46
377108newsML.txt,46
377296newsML.txt,4
377317newsML.txt,46
378326newsML.txt,46
381286newsML.txt,46
382189newsML.txt,4
384663newsML.txt,33
386164newsML.txt,33
387913newsML.txt,46
387941newsML.txt,33
389408newsML.txt,46
389615newsML.txt,46
392165newsML.txt,33
392364newsML.txt,33
392527newsML.txt,33
395522newsML.txt,33
395717newsML.txt,33
395812newsML.txt,46
395815newsML.txt,33
396736newsML.txt,33
397865newsML.txt,33
399037newsML.txt,33
399338newsML.txt,33
402495newsML.txt,33
404273newsML.txt,5
412900newsML.txt,4
412945newsML.txt,39
416275newsML.txt,46
417664newsML.txt,33
423919newsML.txt,5
425269newsML.txt,5
426527newsML.txt,5
433270newsML.txt,5
434648newsML.txt,46
434836newsML.txt,46
480957newsML.txt,27
485513newsML.txt,27
488153newsML.txt,4
490233newsML.txt,27
493177newsML.txt,27
493188newsML.txt,27
496100newsML.txt,27
496143newsML.txt,27
510928newsML.txt,27
514480newsML.txt,27
516664newsML.txt,27
519956newsML.txt,23
524096newsML.txt,20
534898newsML.txt,4
552126newsML.txt,27
553261newsML.txt,41
562272newsML.txt,27
563766newsML.txt,23
565499newsML.txt,27
567184newsML.txt,27
567293newsML.txt,27
567680newsML.txt,27
572910newsML.txt,27
578465newsML.txt,4
580082newsML.txt,27
580087newsML.txt,27
581808newsML.txt,27
583527newsML.txt,27
585649newsML.txt,20
585685newsML.txt,20
589488newsML.txt,20
598856newsML.txt,27
600532newsML.txt,23
600570newsML.txt,20
604722newsML.txt,20
608563newsML.txt,23
624144newsML.txt,23
625951newsML.txt,27
626000newsML.txt,27
626136newsML.txt,4
627635newsML.txt,27
631455newsML.txt,4
633059newsML.txt,27
634641newsML.txt,27
642555newsML.txt,27
643780newsML.txt,27
650856newsML.txt,27
655704newsML.txt,23
658808newsML.txt,23
662139newsML.txt,23
473707newsML.txt,49
476772newsML.txt,49
484377newsML.txt,49
487502newsML.txt,49
49318newsML.txt,22
496725newsML.txt,4
498337newsML.txt,0
499679newsML.txt,49
504770newsML.txt,0
506542newsML.txt,49
506578newsML.txt,0
509569newsML.txt,49
513283newsML.txt,49
522699newsML.txt,0
523157newsML.txt,0
523173newsML.txt,0
524551newsML.txt,0
524684newsML.txt,0
539052newsML.txt,49
546794newsML.txt,4
555954newsML.txt,49
557545newsML.txt,49
562869newsML.txt,49
569377newsML.txt,49
572192newsML.txt,49
572206newsML.txt,39
574175newsML.txt,0
582429newsML.txt,0
586394newsML.txt,0
590040newsML.txt,49
594800newsML.txt,49
597804newsML.txt,49
599823newsML.txt,49
603285newsML.txt,49
607397newsML.txt,49
636841newsML.txt,49
64155newsML.txt,49
642107newsML.txt,4
643070newsML.txt,39
645248newsML.txt,0
645250newsML.txt,0
649805newsML.txt,0
656275newsML.txt,49
659257newsML.txt,9
663392newsML.txt,49
666776newsML.txt,49
670175newsML.txt,0
672807newsML.txt,49
674832newsML.txt,49
678902newsML.txt,49
310688newsML.txt,32
311947newsML.txt,38
312549newsML.txt,38
313085newsML.txt,17
313988newsML.txt,17
314998newsML.txt,32
315075newsML.txt,32
315693newsML.txt,17
321567newsML.txt,32
322124newsML.txt,32
322766newsML.txt,17
324705newsML.txt,32
324934newsML.txt,32
325405newsML.txt,32
330770newsML.txt,17
330792newsML.txt,17
331518newsML.txt,17
331605newsML.txt,17
333627newsML.txt,17
338472newsML.txt,38
339740newsML.txt,17
344052newsML.txt,17
345592newsML.txt,17
346089newsML.txt,17
34985newsML.txt,38
363301newsML.txt,17
367046newsML.txt,38
384880newsML.txt,17
39594newsML.txt,32
39979newsML.txt,24
401255newsML.txt,17
404379newsML.txt,17
40529newsML.txt,24
405715newsML.txt,17
411582newsML.txt,38
413657newsML.txt,38
413744newsML.txt,38
42862newsML.txt,32
429426newsML.txt,17
42990newsML.txt,32
430880newsML.txt,17
433408newsML.txt,38
437582newsML.txt,38
453075newsML.txt,32
457369newsML.txt,32
459349newsML.txt,32
472398newsML.txt,38
482069newsML.txt,17
484505newsML.txt,32
485194newsML.txt,32
244215newsML.txt,47
247062newsML.txt,4
24919newsML.txt,47
250585newsML.txt,47
253041newsML.txt,47
253128newsML.txt,47
258162newsML.txt,47
259532newsML.txt,47
262620newsML.txt,47
262644newsML.txt,47
267753newsML.txt,47
267997newsML.txt,47
292123newsML.txt,27
306551newsML.txt,27
307168newsML.txt,4
309610newsML.txt,47
31031newsML.txt,47
31143newsML.txt,47
315548newsML.txt,4
318218newsML.txt,35
325763newsML.txt,35
325855newsML.txt,35
326348newsML.txt,47
34067newsML.txt,47
345001newsML.txt,27
361229newsML.txt,47
364018newsML.txt,47
364077newsML.txt,47
367648newsML.txt,27
368884newsML.txt,27
370324newsML.txt,27
370357newsML.txt,27
394805newsML.txt,47
394806newsML.txt,47
406917newsML.txt,47
408132newsML.txt,22
408804newsML.txt,22
417103newsML.txt,4
420491newsML.txt,41
420497newsML.txt,41
421639newsML.txt,41
422052newsML.txt,41
422134newsML.txt,47
424443newsML.txt,27
424512newsML.txt,27
425010newsML.txt,47
427280newsML.txt,47
438886newsML.txt,27
438888newsML.txt,47
440541newsML.txt,27
293778newsML.txt,45
296119newsML.txt,45
296173newsML.txt,4
29731newsML.txt,45
298327newsML.txt,4
299226newsML.txt,4
300047newsML.txt,4
300106newsML.txt,4
301801newsML.txt,4
303104newsML.txt,4
303895newsML.txt,4
312018newsML.txt,14
321715newsML.txt,4
32240newsML.txt,45
33766newsML.txt,45
337708newsML.txt,45
337982newsML.txt,14
338295newsML.txt,45
340822newsML.txt,45
341931newsML.txt,14
341941newsML.txt,45
344135newsML.txt,45
344592newsML.txt,45
349377newsML.txt,4
349982newsML.txt,45
350000newsML.txt,4
35062newsML.txt,45
351289newsML.txt,4
357129newsML.txt,45
357718newsML.txt,45
360273newsML.txt,35
360422newsML.txt,35
361152newsML.txt,35
363383newsML.txt,35
364288newsML.txt,4
364315newsML.txt,45
365352newsML.txt,45
366961newsML.txt,45
369634newsML.txt,45
37440newsML.txt,4
376602newsML.txt,4
378386newsML.txt,4
378463newsML.txt,14
378665newsML.txt,4
378702newsML.txt,14
380811newsML.txt,14
380932newsML.txt,14
380937newsML.txt,14
381366newsML.txt,14
382280newsML.txt,14
305704newsML.txt,39
316238newsML.txt,16
320093newsML.txt,29
323030newsML.txt,0
323194newsML.txt,13
326930newsML.txt,24
345482newsML.txt,4
352827newsML.txt,24
391142newsML.txt,33
395504newsML.txt,33
395790newsML.txt,33
396207newsML.txt,33
396728newsML.txt,33
401033newsML.txt,5
402543newsML.txt,33
405326newsML.txt,5
412098newsML.txt,33
416243newsML.txt,4
417666newsML.txt,39
425219newsML.txt,29
426551newsML.txt,49
429173newsML.txt,5
430302newsML.txt,39
436341newsML.txt,39
444197newsML.txt,46
444464newsML.txt,5
451527newsML.txt,38
456140newsML.txt,39
460924newsML.txt,39
462143newsML.txt,49
462169newsML.txt,0
46254newsML.txt,4
463380newsML.txt,39
464888newsML.txt,39
466101newsML.txt,39
467718newsML.txt,39
467962newsML.txt,39
473642newsML.txt,49
475305newsML.txt,39
475505newsML.txt,39
476736newsML.txt,39
480381newsML.txt,4
489283newsML.txt,33
491019newsML.txt,24
49404newsML.txt,39
504283newsML.txt,6
504526newsML.txt,6
51502newsML.txt,4
522090newsML.txt,16
58312newsML.txt,33
